<zuiprezi>
  <version>4</version>
  <zui-table>
    <settings>
      <autoplay>
        <delay>4000</delay>
      </autoplay>
      <bounds x="-187671.4731250763" y="-162331.87982139588" width="576030.5968608856" height="273107.92871360783"/>
    </settings>
    <object id="32" type="button" x="-26875.6" y="-89797.15" r="-24.292401164374333" s="42.10532805619608" class="bracket">
      <type>bracket</type>
      <size>
        <w>809.5890410958905</w>
        <h>600</h>
      </size>
    </object>
    <object id="23" type="image" x="-22167.25" y="-98753.75" r="-14.098982557139223" s="13.925483209186005">
      <source w="500" h="334">
        ehj5mi0okt.jpg
        <url>ehj5mi0okt.jpg</url>
      </source>
    </object>
    <object id="2" type="button" x="-156601.25" y="-57665.1" r="-24.295580139485633" s="11.18067243676538" class="bracket">
      <type>bracket</type>
      <size>
        <w>1495.6415983606555</w>
        <h>1051.9</h>
      </size>
    </object>
    <object id="4" type="label" x="-160170.60000000003" y="-59586.45" r="-24.295489100277027" s="55.741716504968984" class="strong">
      <textfield>
        <x>-61.85</x>
        <y>-15.4</y>
        <text><![CDATA[Integrantes]]></text>
        <annotations>r0-11 { align: left; }</annotations>
      </textfield>
    </object>
    <object id="6" type="label" x="-156273.9" y="-56583.95" r="-24.29358250714096" s="39.76633723374013" class="body">
      <textfield>
        <x>-129.6</x>
        <y>-64</y>
        <text><![CDATA[Eric BroginFederico MehringMaximiliano GamarraNicolás Giovi]]></text>
        <annotations>r0-12 { bullet: true; }
r0-12 { align: left; }
r0-12 { blockIndent: 36; }
r12-29 { bullet: true; }
r12-29 { align: left; }
r12-29 { blockIndent: 36; }
r29-49 { bullet: true; }
r29-49 { align: left; }
r29-49 { blockIndent: 36; }
r49-63 { bullet: true; }
r49-63 { align: left; }
r49-63 { blockIndent: 36; }</annotations>
      </textfield>
    </object>
    <object id="10" type="button" x="-145155.95" y="-36164.3" r="-24.292341276698973" s="29.824777280045648" class="roundrect">
      <type>roundrect</type>
      <size>
        <w>1058.957692307692</w>
        <h>549.3499999999998</h>
      </size>
    </object>
    <object id="24" type="image" x="-144476.90000000002" y="-32099.450000000004" r="-24.33391247350163" s="64.4927820087084">
      <source w="45" h="45">
        logofnt.JPG
        <url>logofnt.JPG</url>
      </source>
    </object>
    <object id="26" type="image" x="-135456.20000000004" y="-36189.45" r="-24.3029976647534" s="9.960844313973372">
      <source w="291" h="279">
        AAT.jpg
        <url>AAT.jpg</url>
      </source>
    </object>
    <object id="31" type="image" x="-152814.9" y="-28271.150000000016" r="-24.333914482771323" s="22.039502603670087">
      <source w="155" h="134">
        _Logo_Slam.jpg
        <url>_Logo_Slam.jpg</url>
      </source>
    </object>
    <object id="11" type="label" x="-151648.8" y="-40473.750000000015" r="-24.302973751078902" s="55.94796911134701" class="strong">
      <textfield>
        <x>-165.6</x>
        <y>-15.4</y>
        <text><![CDATA[Federación Neuquina de Tenis]]></text>
        <annotations>r0-28 { align: left; }</annotations>
      </textfield>
    </object>
    <object id="12" type="label" x="-145194.45" y="-38278.700000000004" r="-24.302971326157333" s="39.86448124555039" class="body">
      <textfield>
        <x>-356.55</x>
        <y>-55.5</y>
        <text><![CDATA[La FNT (Federación Neuquina de Tenis), dependiente de la AAT (Asociación Argentina de Tenis), es actualmente quien lleva registro de los torneos realizados por los clubes de la provincia de Neuquén]]></text>
        <annotations>r0-197 { align: left; }</annotations>
        <w>713.05</w>
        <h>134.6</h>
      </textfield>
    </object>
    <object id="29" type="label" x="-144253.45" y="-29468.350000000006" r="-24.302903797677978" s="28.50978873205151" class="head">
      <textfield>
        <x>-123.7</x>
        <y>-15.4</y>
        <text><![CDATA[http://fenetenis.com.ar/]]></text>
        <annotations>r0-25 { align: left; }</annotations>
      </textfield>
    </object>
    <object id="30" type="label" x="-134799.3" y="-33276.20000000001" r="-24.303190669358084" s="28.474629057783666" class="head">
      <textfield>
        <x>-143</x>
        <y>-28.75</y>
        <text><![CDATA[http://www.aatenis.com.ar/]]></text>
        <annotations>r0-27 { align: left; }</annotations>
      </textfield>
    </object>
    <object id="19" type="button" x="-108941.8" y="-52573.25" r="-30.791960245510317" s="27.09339475770576" class="bracket">
      <type>bracket</type>
      <size>
        <w>1229.4117647058822</w>
        <h>600</h>
      </size>
    </object>
    <object id="37" type="label" x="-115643.2" y="-54810.65" r="-30.802565248214968" s="55.94797284054267" class="strong">
      <textfield>
        <x>-165.6</x>
        <y>-15.4</y>
        <text><![CDATA[Federación Neuquina de Tenis]]></text>
        <annotations>r0-28 { align: left; }</annotations>
      </textfield>
    </object>
    <object id="42" type="label" x="-115676.75" y="-51157.5" r="-30.795179886826038" s="39.81551411849887" class="head">
      <textfield>
        <x>-186.75</x>
        <y>-34.65</y>
        <text><![CDATA[Organización  Actual de la FNT:]]></text>
        <annotations>r0-32 { align: left; }</annotations>
      </textfield>
    </object>
    <object id="43" type="label" x="-107108.1" y="-50286.90000000001" r="-30.80266596585467" s="39.8647813769896" class="body">
      <textfield>
        <x>-357.45</x>
        <y>-79.5</y>
        <text><![CDATA[La FNT es el vinculo entre los clubes a quienes rige, a su vez estos clubes tienen jugadores asociados a si mismos, pero estos deben ser tambien afiliados de la FNT para poder jugar en los torneos que esta organiza.]]></text>
        <annotations>r0-216 { align: left; }</annotations>
        <w>714.9</w>
        <h>167.25</h>
      </textfield>
    </object>
    <object id="44" type="button" x="-69242.65" y="-70581.15" r="-24.292341276698973" s="29.824777280045648" class="roundrect">
      <type>roundrect</type>
      <size>
        <w>1122.1153846153843</w>
        <h>600</h>
      </size>
    </object>
    <object id="54" type="label" x="-81673.99999999999" y="-73208.8" r="-24.302973751078902" s="55.94796911134701" class="strong">
      <textfield>
        <x>-71.85</x>
        <y>-15.4</y>
        <text><![CDATA[Problemática]]></text>
        <annotations>r0-13 { align: left; }</annotations>
      </textfield>
    </object>
    <object id="60" type="label" x="-70300.34999999999" y="-71980.34999999999" r="-24.295583672632347" s="39.81551455059526" class="body">
      <textfield>
        <x>-347.55</x>
        <y>-95</y>
        <text><![CDATA[Actualmente llevan en forma manual dichos registros, lo que se vuelve una tarea tediosa y que precisa mucho tiempo, y necesitan un sistema para gestionar de manera rápida, íntegra y eficiente los mismos.]]></text>
        <annotations>r0-204 { align: left; }</annotations>
        <w>695.05</w>
        <h>199.9</h>
      </textfield>
    </object>
    <object id="62" type="label" x="-67457.34999999999" y="-66275.09999999999" r="-24.30307175673365" s="39.86478068013361" class="body">
      <textfield>
        <x>-353.45</x>
        <y>-95</y>
        <text><![CDATA[Lo cual genera los siguientes problemas:No se pueden  realizar búsquedas rápidas de información ya que no está centralizada.Las llaves de los torneos no siempre son subjetivas.]]></text>
        <annotations>r0-41 { align: left; }
r41-126 { bullet: true; }
r41-126 { align: left; }
r41-126 { blockIndent: 36; }
r126-179 { bullet: true; }
r126-179 { align: left; }
r126-179 { blockIndent: 36; }</annotations>
        <w>706.9</w>
        <h>199.9</h>
      </textfield>
    </object>
    <object id="33" type="button" x="51839.3" y="-125410.7" r="-24.29232858560452" s="28.785582790584535" class="roundrect">
      <type>roundrect</type>
      <size>
        <w>1121.428571428571</w>
        <h>600</h>
      </size>
    </object>
    <object id="115" type="label" x="43889.8" y="-129896.7" r="-24.30297553127887" s="55.947969896338606" class="strong">
      <textfield>
        <x>-147.6</x>
        <y>-15.4</y>
        <text><![CDATA[Objetivos para el desarrollo]]></text>
        <annotations>r0-29 { align: left; }</annotations>
      </textfield>
    </object>
    <object id="7" type="button" x="94677.95" y="-144843.75" r="-24.292427233276086" s="30.28765286849393" class="bracket">
      <type>bracket</type>
      <size>
        <w>1106.2190476190476</w>
        <h>732.3</h>
      </size>
    </object>
    <object id="122" type="image" x="94181.4" y="-148844.7" r="-24.302891665014894" s="9.54289176369228">
      <source w="644" h="362">
        internet.jpg
        <url>internet.jpg</url>
      </source>
    </object>
    <object id="117" type="label" x="52937.649999999994" y="-122966.65" r="-24.295583672632347" s="39.81551455059525" class="body">
      <textfield>
        <x>-378.2</x>
        <y>-165.25</y>
        <text><![CDATA[Desarrollar una herramienta eficiente para la administración de afiliados y torneos.Para esto se planteo realizar el proyecto de la siguiente manera, centralizar la información de la FNT en una base de datos la cual podrá ser accedida tanto desde una aplicación del tipo desktop como a través de la web.]]></text>
        <annotations>r0-85 { bullet: true; }
r0-85 { align: left; }
r0-85 { blockIndent: 36; }
r86-306 { bullet: true; }
r86-306 { align: left; }
r86-306 { blockIndent: 36; }</annotations>
        <w>756.35</w>
        <h>330.5</h>
      </textfield>
    </object>
    <object id="125" type="image" x="97756.99999999999" y="-142241.5" r="-24.303012597616405" s="12.003100550319894">
      <source w="512" h="512">
        MyComputer.png
        <url>MyComputer.png</url>
      </source>
    </object>
    <object id="118" type="label" x="83054.15" y="-148299.89999999997" r="-24.30290422542222" s="55.67314017456746" class="strong">
      <textfield>
        <x>-85.15</x>
        <y>-18.35</y>
        <text><![CDATA[Uso del Sistema]]></text>
        <annotations>r0-15 { align: left; }</annotations>
      </textfield>
    </object>
    <object id="123" type="image" x="83233.65000000001" y="-143900.4" r="-24.303011888048893" s="17.14735830753346">
      <source w="256" h="256">
        user-group-icon.png
        <url>user-group-icon.png</url>
      </source>
    </object>
    <object id="124" type="image" x="104694.35" y="-149960.15" r="-24.303011888048893" s="17.14735830753346">
      <source w="256" h="256">
        database.png
        <url>database.png</url>
      </source>
    </object>
    <object id="128" type="button" x="108634.95" y="-113920.9" r="-24.292341276698973" s="29.824777280045648" class="roundrect">
      <type>roundrect</type>
      <size>
        <w>1108.7644230769233</w>
        <h>721.45</h>
      </size>
    </object>
    <object id="131" type="image" x="119161.59999999999" y="-113342.6" r="-33.77539932409755" s="16.0734121322714">
      <source w="256" h="256">
        Logo_C_Sharp.png
        <url>Logo_C_Sharp.png</url>
      </source>
    </object>
    <object id="129" type="label" x="103542.14999999998" y="-121014.20000000001" r="-24.30297570259539" s="55.741719417831334" class="strong">
      <textfield>
        <x>-244.3</x>
        <y>-28.75</y>
        <text><![CDATA[Tecnologías a utilizar durante el desarrollo del proyecto]]></text>
        <annotations>r0-58 { align: left; }</annotations>
        <w>488.6</w>
        <h>69.3</h>
      </textfield>
    </object>
    <object id="135" type="image" x="114646.84999999999" y="-114836.4" r="-37.033293611804275" s="7.822801833768228">
      <source w="526" h="403">
        microsoft-net-compact-framework-1.jpg
        <url>microsoft-net-compact-framework-1.jpg</url>
      </source>
    </object>
    <object id="134" type="image" x="120083" y="-117633.1" r="-18.65796079732213" s="9.00111197933507">
      <source w="640" h="249">
        vs_logo.jpg
        <url>vs_logo.jpg</url>
      </source>
    </object>
    <object id="130" type="label" x="108734.1" y="-112441.75" r="-24.295583672632347" s="39.81551455059526" class="body">
      <textfield>
        <x>-377.2</x>
        <y>-197.9</y>
        <text><![CDATA[Para el proyecto en cuestión se decidió usar la plataforma .Net de Microsoft, como lenguaje de programación Visual C# 2008  y como motor de base de datos, se utilizo SQL Server 2008.Como complemento para el desarrollo se utilizaron otras herramientas:Microsoft Office 2007ArgoUML Notepad++ Tortoise SVN Ankhsvn Prezi Desktop]]></text>
        <annotations>r0-183 { align: left; }
r184-254 { align: left; }
r254-276 { bullet: true; }
r254-276 { align: left; }
r254-276 { blockIndent: 36; }
r276-285 { bullet: true; }
r276-285 { align: left; }
r276-285 { blockIndent: 36; }
r285-296 { bullet: true; }
r285-296 { align: left; }
r285-296 { blockIndent: 36; }
r296-310 { bullet: true; }
r296-310 { align: left; }
r296-310 { blockIndent: 36; }
r310-319 { bullet: true; }
r310-319 { align: left; }
r310-319 { blockIndent: 36; }
r319-332 { bullet: true; }
r319-332 { align: left; }
r319-332 { blockIndent: 36; }</annotations>
        <w>754.35</w>
        <h>395.8</h>
      </textfield>
    </object>
    <object id="48" type="button" x="62169.45" y="-92880.1" r="-24.292382752157508" s="42.32284296020064" class="bracket">
      <type>bracket</type>
      <size>
        <w>949.0759911894268</w>
        <h>679.8250000000007</h>
      </size>
    </object>
    <object id="143" type="image" x="62483.90000000001" y="-92404.85" r="-24.2924534787769" s="26.610064966212104">
      <source w="1190" h="646">
        ScrumCycle.png
        <url>ScrumCycle.png</url>
      </source>
    </object>
    <object id="3" type="label" x="-166422.6" y="-74866.8" r="-33.655561389771194" s="109.79280963322694" class="strong">
      <textfield>
        <x>-187.7</x>
        <y>-67.3</y>
        <text><![CDATA[Sistema de Administración de Torneos de TenisSLAMProyecto Final IFES 2012]]></text>
        <annotations>r0-46 { align: center; }
r46-51 { align: center; }
r51-75 { align: center; }</annotations>
        <w>375.4</w>
        <h>134.6</h>
      </textfield>
    </object>
    <object id="139" type="label" x="66568.35000000002" y="-82936.49999999999" r="-24.292405889680612" s="55.60491463797878" class="strong">
      <textfield>
        <x>-203.5</x>
        <y>-15.4</y>
        <text><![CDATA[Pautas para el desarrollo del proyecto]]></text>
        <annotations>r0-39 { align: left; }</annotations>
      </textfield>
    </object>
    <object id="142" type="label" x="60626.400000000016" y="-102576.89999999998" r="-14.9914189101649" s="39.76662067547031" class="body">
      <textfield>
        <x>-378.65</x>
        <y>-33</y>
        <text><![CDATA[La metodología o marco de trabajo que utilizamos para desarrollar el sistema es SCRUM, una metodología de desarrollo de software ágil.]]></text>
        <annotations>r0-135 { bullet: true; }
r0-135 { align: left; }
r0-135 { blockIndent: 36; }</annotations>
        <w>757.3</w>
        <h>101.95</h>
      </textfield>
    </object>
    <object id="145" type="button" x="10836.65" y="-69447.3" r="-24.292341276698973" s="29.824777280045648" class="roundrect">
      <type>roundrect</type>
      <size>
        <w>998</w>
        <h>584.3999999999999</h>
      </size>
    </object>
    <object id="149" type="image" x="12931.700000000004" y="-66477.55" r="-24.302953037343876" s="27.14502251081856">
      <source w="514" h="342">
        domain-driven-design.gif
        <url>domain-driven-design.gif</url>
      </source>
    </object>
    <object id="147" type="label" x="1029.950000000002" y="-73505.05" r="-24.30297408884163" s="55.7417228944774" class="strong">
      <textfield>
        <x>-121.7</x>
        <y>-15.4</y>
        <text><![CDATA[Domain Driven Design]]></text>
        <annotations>r0-21 { align: left; }</annotations>
      </textfield>
    </object>
    <object id="148" type="label" x="9591.2" y="-72382.55" r="-24.295581414022667" s="39.815518027443865" class="body">
      <textfield>
        <x>-361.3</x>
        <y>-79.5</y>
        <text><![CDATA[DDD, el diseño guiado por el dominio no es una tecnología ni una metodología, este provee una estructura de practicas y terminologías para tomar decisiones de diseño que enfoquen y aceleren el manejo de dominios complejos en los proyectos de software.]]></text>
        <annotations>r0-251 { bullet: true; }
r0-251 { align: left; }
r0-251 { blockIndent: 36; }</annotations>
        <w>722.55</w>
        <h>167.25</h>
      </textfield>
    </object>
    <object id="153" type="button" x="-34736.55" y="-48648.55" r="-24.292341276698973" s="29.824777280045648" class="roundrect">
      <type>roundrect</type>
      <size>
        <w>1122.1153846153843</w>
        <h>600</h>
      </size>
    </object>
    <object id="155" type="label" x="-45595.8" y="-51154.4" r="-24.30297570259539" s="55.741719417831334" class="strong">
      <textfield>
        <x>-107.1</x>
        <y>-28.75</y>
        <text><![CDATA[Patrones de Diseño]]></text>
        <annotations>r0-19 { align: left; }</annotations>
      </textfield>
    </object>
    <object id="50" type="button" x="-93667.3" y="39222.85" r="-24.292411419832895" s="7.9631262424983325" class="circle">
      <type>circle</type>
      <size>
        <w>800</w>
        <h>800</h>
      </size>
    </object>
    <object id="65" type="label" x="-94382.1" y="37903.7" r="-25.546384629921597" s="19.424531218564685" class="strong">
      <textfield>
        <x>-107.7</x>
        <y>-34.65</y>
        <text><![CDATA[Diagrama General del Proyecto]]></text>
        <annotations>r0-29 { align: center; }</annotations>
        <w>215.35</w>
        <h>69.3</h>
      </textfield>
    </object>
    <object id="55" type="button" x="-93303.3" y="39756.85" r="-24.29230463711506" s="4.425727762724018">
      <type>invisible</type>
      <size>
        <w>1065.036674816626</w>
        <h>600</h>
      </size>
    </object>
    <object id="66" type="shape" x="-93317.45" y="38532.9" r="-25.447014825063768" s="4.304693009828407" class="poly2">
      <geom type="poly">
        <p x="-79.48750000000001" y="-26.562499999999996"/>
        <p x="79.48750000000001" y="-26.562499999999996"/>
        <p x="79.48750000000001" y="26.562499999999996"/>
        <p x="-79.48750000000001" y="26.562499999999996"/>
        <t>0</t>
        <r>0</r>
      </geom>
    </object>
    <object id="67" type="label" x="-93323.05" y="38519.55" r="-25.546381339558142" s="4.962008225364803" class="head">
      <textfield>
        <x>-64.9</x>
        <y>-18.35</y>
        <text><![CDATA[PERSONAS]]></text>
        <annotations>r0-8 { align: left; }</annotations>
      </textfield>
    </object>
    <object id="68" type="shape" x="-93861.85" y="39350.15" r="-25.443301326099785" s="4.297709838508502" class="poly2">
      <geom type="poly">
        <p x="-90.9187499999999" y="-24.85625"/>
        <p x="90.9187499999999" y="-24.85625"/>
        <p x="90.9187499999999" y="24.85625"/>
        <p x="-90.9187499999999" y="24.85625"/>
        <t>0</t>
        <r>0</r>
      </geom>
    </object>
    <object id="69" type="label" x="-93861.1" y="39349.9" r="-25.4432901673974" s="4.98270833857815" class="head">
      <textfield>
        <x>-71.6</x>
        <y>-18.35</y>
        <text><![CDATA[JUGADORES]]></text>
        <annotations>r0-9 { align: left; }</annotations>
      </textfield>
    </object>
    <object id="70" type="shape" x="-93095.2" y="39000.35" r="-25.443301326099785" s="4.297709838508502" class="poly2">
      <geom type="poly">
        <p x="-77.775" y="-26.575"/>
        <p x="77.775" y="-26.575"/>
        <p x="77.775" y="26.575"/>
        <p x="-77.775" y="26.575"/>
        <t>0</t>
        <r>0</r>
      </geom>
    </object>
    <object id="71" type="label" x="-93085.05" y="38998" r="-25.33292406168594" s="4.968349474108877" class="head">
      <textfield>
        <x>-61.15</x>
        <y>-18.35</y>
        <text><![CDATA[ARBITROS]]></text>
        <annotations>r0-8 { align: left; }</annotations>
      </textfield>
    </object>
    <object id="72" type="shape" x="-92302.5" y="38623.05" r="-25.443301326099785" s="4.297709838508502" class="poly2">
      <geom type="poly">
        <p x="-98.49713134765624" y="-26.863391113281253"/>
        <p x="98.49713134765624" y="-26.863391113281253"/>
        <p x="98.49713134765624" y="26.863391113281253"/>
        <p x="-98.49713134765624" y="26.863391113281253"/>
        <t>0</t>
        <r>0</r>
      </geom>
    </object>
    <object id="73" type="label" x="-92302.25" y="38623.25" r="-25.4432901673974" s="4.98270833857815" class="head">
      <textfield>
        <x>-74.3</x>
        <y>-18.35</y>
        <text><![CDATA[EMPLEADOS]]></text>
        <annotations>r0-9 { align: left; }</annotations>
      </textfield>
    </object>
    <object id="74" type="shape" x="-95338.55" y="39486.85" r="-25.44205284362051" s="4.29074549362035" class="poly2">
      <geom type="poly">
        <p x="-110.696875" y="-26.090625"/>
        <p x="110.696875" y="-26.090625"/>
        <p x="110.696875" y="26.090625"/>
        <p x="-110.696875" y="26.090625"/>
        <t>0</t>
        <r>0</r>
      </geom>
    </object>
    <object id="75" type="label" x="-95366.1" y="39499.65" r="-25.332121375061277" s="4.968316524106743" class="head">
      <textfield>
        <x>-83.3</x>
        <y>-18.35</y>
        <text><![CDATA[ESTADISTICAS]]></text>
        <annotations>r0-12 { align: left; }</annotations>
      </textfield>
    </object>
    <object id="76" type="shape" x="-95119.4" y="39948.25" r="-25.44205284362051" s="4.29074549362035" class="poly2">
      <geom type="poly">
        <p x="-104.76875" y="-25.28125"/>
        <p x="104.76875" y="-25.28125"/>
        <p x="104.76875" y="25.28125"/>
        <p x="-104.76875" y="25.28125"/>
        <t>0</t>
        <r>0</r>
      </geom>
    </object>
    <object id="77" type="label" x="-95130.9" y="39953.55" r="-25.332121375061277" s="4.968316524106743" class="head">
      <textfield>
        <x>-76.5</x>
        <y>-18.35</y>
        <text><![CDATA[CATEGORIAS]]></text>
        <annotations>r0-10 { align: left; }</annotations>
      </textfield>
    </object>
    <object id="78" type="shape" x="-94736.3" y="40752.85" r="-25.44205838398487" s="4.283792103243297" class="poly2">
      <geom type="poly">
        <p x="-95.8421875" y="-26.9203125"/>
        <p x="95.8421875" y="-26.9203125"/>
        <p x="95.8421875" y="26.9203125"/>
        <p x="-95.8421875" y="26.9203125"/>
        <t>0</t>
        <r>0</r>
      </geom>
    </object>
    <object id="79" type="label" x="-94740.4" y="40743.7" r="-25.332121375061277" s="4.968316524106743" class="head">
      <textfield>
        <x>-70.7</x>
        <y>-18.35</y>
        <text><![CDATA[AFILIACION]]></text>
        <annotations>r0-10 { align: left; }</annotations>
      </textfield>
    </object>
    <object id="80" type="shape" x="-93678.85" y="39767.55" r="-25.44205284362051" s="4.29074549362035" class="poly2">
      <geom type="poly">
        <p x="-102.96718749999997" y="-22.4515625"/>
        <p x="102.96718749999997" y="-22.4515625"/>
        <p x="102.96718749999997" y="22.4515625"/>
        <p x="-102.96718749999997" y="22.4515625"/>
        <t>0</t>
        <r>0</r>
      </geom>
    </object>
    <object id="81" type="label" x="-93673.55" y="39765.4" r="-25.332121375061277" s="4.968316524106743" class="head">
      <textfield>
        <x>-77.9</x>
        <y>-18.35</y>
        <text><![CDATA[FEDERACION]]></text>
        <annotations>r0-10 { align: left; }</annotations>
      </textfield>
    </object>
    <object id="82" type="shape" x="-93474.75" y="40196.3" r="-25.44205284362051" s="4.29074549362035" class="poly2">
      <geom type="poly">
        <p x="-90.9187499999999" y="-24.85625"/>
        <p x="90.9187499999999" y="-24.85625"/>
        <p x="90.9187499999999" y="24.85625"/>
        <p x="-90.9187499999999" y="24.85625"/>
        <t>0</t>
        <r>0</r>
      </geom>
    </object>
    <object id="83" type="label" x="-93482.2" y="40197.4" r="-25.332121375061277" s="4.968316524106743" class="head">
      <textfield>
        <x>-46.8</x>
        <y>-18.35</y>
        <text><![CDATA[CLUBES]]></text>
        <annotations>r0-6 { align: left; }</annotations>
      </textfield>
    </object>
    <object id="84" type="shape" x="-93270.1" y="40627.65" r="-25.44205284362051" s="4.29074549362035" class="poly2">
      <geom type="poly">
        <p x="-90.9187499999999" y="-24.85625"/>
        <p x="90.9187499999999" y="-24.85625"/>
        <p x="90.9187499999999" y="24.85625"/>
        <p x="-90.9187499999999" y="24.85625"/>
        <t>0</t>
        <r>0</r>
      </geom>
    </object>
    <object id="85" type="label" x="-93298.05" y="40640.1" r="-25.332121375061277" s="4.968316524106743" class="head">
      <textfield>
        <x>-37.5</x>
        <y>-18.35</y>
        <text><![CDATA[SEDES]]></text>
        <annotations>r0-5 { align: left; }</annotations>
      </textfield>
    </object>
    <object id="87" type="shape" x="-92255.15" y="40466.05" r="-25.44205838398487" s="4.283792103243297" class="poly2">
      <geom type="poly">
        <p x="-90.9187499999999" y="-24.85625"/>
        <p x="90.9187499999999" y="-24.85625"/>
        <p x="90.9187499999999" y="24.85625"/>
        <p x="-90.9187499999999" y="24.85625"/>
        <t>0</t>
        <r>0</r>
      </geom>
    </object>
    <object id="88" type="label" x="-92255.15" y="40466.75" r="-25.44208116236722" s="4.966572417568348" class="head">
      <textfield>
        <x>-59.35</x>
        <y>-18.35</y>
        <text><![CDATA[CANCHAS]]></text>
        <annotations>r0-7 { align: left; }</annotations>
      </textfield>
    </object>
    <object id="89" type="shape" x="-92530.45" y="39302.55" r="-25.44205284362051" s="4.29074549362035" class="poly2">
      <geom type="poly">
        <p x="-102.20937499999997" y="-23.978125"/>
        <p x="102.20937499999997" y="-23.978125"/>
        <p x="102.20937499999997" y="23.978125"/>
        <p x="-102.20937499999997" y="23.978125"/>
        <t>0</t>
        <r>0</r>
      </geom>
    </object>
    <object id="90" type="label" x="-92530.45" y="39302.55" r="-25.332121375061277" s="4.968316524106743" class="head">
      <textfield>
        <x>-80.2</x>
        <y>-18.35</y>
        <text><![CDATA[INSCRIPCION]]></text>
        <annotations>r0-11 { align: left; }</annotations>
      </textfield>
    </object>
    <object id="91" type="shape" x="-91547.3" y="39275.35" r="-25.44205284362051" s="4.29074549362035" class="poly2">
      <geom type="poly">
        <p x="-90.9187499999999" y="-24.85625"/>
        <p x="90.9187499999999" y="-24.85625"/>
        <p x="90.9187499999999" y="24.85625"/>
        <p x="-90.9187499999999" y="24.85625"/>
        <t>0</t>
        <r>0</r>
      </geom>
    </object>
    <object id="92" type="label" x="-91570.8" y="39285.95" r="-25.442078191729685" s="4.974632934821631" class="head">
      <textfield>
        <x>-59</x>
        <y>-18.35</y>
        <text><![CDATA[TORNEOS]]></text>
        <annotations>r0-7 { align: left; }</annotations>
      </textfield>
    </object>
    <object id="93" type="shape" x="-91363.35" y="39801.8" r="-25.44205284362051" s="4.29074549362035" class="poly2">
      <geom type="poly">
        <p x="-90.63437499999996" y="-25.353125"/>
        <p x="90.63437499999996" y="-25.353125"/>
        <p x="90.63437499999996" y="25.353125"/>
        <p x="-90.63437499999996" y="25.353125"/>
        <t>0</t>
        <r>0</r>
      </geom>
    </object>
    <object id="94" type="label" x="-91351.8" y="39803.8" r="-25.442078191729685" s="4.974632934821631" class="head">
      <textfield>
        <x>-61.6</x>
        <y>-18.35</y>
        <text><![CDATA[PARTIDOS]]></text>
        <annotations>r0-8 { align: left; }</annotations>
      </textfield>
    </object>
    <object id="95" type="shape" x="-93688.2" y="38928.85" r="-72.25434521009358" s="3.4935801339201573" class="line3">
      <geom type="arrow">
        <sp>46.42707319011183 0</sp>
        <ep>-46.42707319011183 0</ep>
        <t>8</t>
      </geom>
    </object>
    <object id="96" type="shape" x="-93213.1" y="38761.35" r="64.55668868375461" s="3.49358014322305" class="line3">
      <geom type="arrow">
        <sp>-33.825 0</sp>
        <ep>33.825 0</ep>
        <t>8</t>
      </geom>
    </object>
    <object id="97" type="shape" x="-92769.2" y="38502.5" r="-165.98327227775908" s="3.4931245955449617" class="line3">
      <geom type="arrow">
        <sp>47.4646492782809 0</sp>
        <ep>-47.4646492782809 0</ep>
        <t>8</t>
      </geom>
    </object>
    <object id="98" type="shape" x="-94597.25" y="39354.1" r="9.381806711152004" s="3.49357980156916" class="line3">
      <geom type="arrow">
        <sp>81.55693180226928 0</sp>
        <ep>-81.55693180226928 0</ep>
        <t>8</t>
      </geom>
    </object>
    <object id="99" type="shape" x="-94481.6" y="39628.7" r="-25.443311316245392" s="3.49358014322305" class="line3">
      <geom type="arrow">
        <sp>65.225 0</sp>
        <ep>-65.225 0</ep>
        <t>8</t>
      </geom>
    </object>
    <object id="100" type="shape" x="-94418.15" y="40071.25" r="-62.05920544510156" s="3.4935804675507414" class="line3">
      <geom type="arrow">
        <sp>144.46900336157952 0</sp>
        <ep>-144.46900336157952 0</ep>
        <t>8</t>
      </geom>
    </object>
    <object id="101" type="shape" x="-94085.4" y="40469.5" r="-25.443311316245392" s="3.49358014322305" class="line3">
      <geom type="arrow">
        <sp>-64.275 0</sp>
        <ep>64.275 0</ep>
        <t>8</t>
      </geom>
    </object>
    <object id="102" type="shape" x="-93587.25" y="39983.8" r="64.55668868375461" s="3.49358014322305" class="line3">
      <geom type="arrow">
        <sp>-30 0</sp>
        <ep>30 0</ep>
        <t>8</t>
      </geom>
    </object>
    <object id="103" type="shape" x="-93378.6" y="40421.2" r="64.55668868375461" s="3.49358014322305" class="line3">
      <geom type="arrow">
        <sp>-30 0</sp>
        <ep>30 0</ep>
        <t>8</t>
      </geom>
    </object>
    <object id="104" type="shape" x="-92908.05" y="40696.45" r="-8.375144882343685" s="3.493580042604002" class="line3">
      <geom type="arrow">
        <sp>-79.21387583624474 0</sp>
        <ep>79.21387583624474 0</ep>
        <t>8</t>
      </geom>
    </object>
    <object id="105" type="shape" x="-93230.45" y="39370.6" r="19.556688618176914" s="3.493580440342009" class="line3">
      <geom type="arrow">
        <sp>-69.15504320004435 0</sp>
        <ep>69.15504320004435 0</ep>
        <t>8</t>
      </geom>
    </object>
    <object id="106" type="shape" x="-91903.65" y="39150.55" r="9.273234935958534" s="3.493579953326458" class="line3">
      <geom type="arrow">
        <sp>-55.43791266158858 0</sp>
        <ep>55.437912661588584 0</ep>
        <t>8</t>
      </geom>
    </object>
    <object id="116" type="shape" x="-92500.45" y="39733.2" r="-25.545047846823255" s="3.493588053324838" class="line3">
      <geom type="arrow">
        <sp>-159.14975453392094 0</sp>
        <ep>159.14975453392094 0</ep>
        <t>8</t>
      </geom>
    </object>
    <object id="5" type="button" x="220803.1" y="-91878.7" r="-24.34333322873896" s="57.375075702657874" class="bracket">
      <type>bracket</type>
      <size>
        <w>1225.6410256410256</w>
        <h>600</h>
      </size>
    </object>
    <object id="114" type="image" x="231341.55" y="-99766.4" r="-24.343316909766767" s="47.725050343678056">
      <source w="601" h="319">
        _NuevoJugador.jpg
        <url>_NuevoJugador.jpg</url>
      </source>
      <sourceUrl>Nuevo Jugador.jpg</sourceUrl>
    </object>
    <object id="133" type="image" x="234920.40000000002" y="-88828.8" r="-13.997527783337237" s="44.830805682516704">
      <source w="457" h="302">
        Clubes_Main.JPG
        <url>Clubes_Main.JPG</url>
      </source>
      <sourceUrl>Clubes_Main.JPG</sourceUrl>
    </object>
    <object id="109" type="button" x="308608.25" y="-131629.65" r="-24.343328526565273" s="39.72122378315412" class="bracket">
      <type>bracket</type>
      <size>
        <w>1849.0074074074082</w>
        <h>860.25</h>
      </size>
    </object>
    <object id="136" type="image" x="297167.25" y="-123386.80000000002" r="-30.127388880315554" s="37.50501536292946">
      <source w="723" h="524">
        image050.png
        <url>image050.png</url>
      </source>
      <sourceUrl>image050.png</sourceUrl>
    </object>
    <object id="177" type="label" x="289035.15" y="-134474.75" r="-24.302980406436102" s="109.25376372904311" class="strong">
      <textfield>
        <x>-136.4</x>
        <y>-28.75</y>
        <text><![CDATA[Version Web del Sistema]]></text>
        <annotations>r0-24 { align: left; }</annotations>
      </textfield>
    </object>
    <object id="112" type="button" x="330666.6" y="-82289.4" r="-24.343360608235074" s="42.173125832372456" class="bracket">
      <type>bracket</type>
      <size>
        <w>1686.2337209302327</w>
        <h>945.75</h>
      </size>
    </object>
    <object id="144" type="image" x="350698.85" y="-84380.69999999998" r="-24.3433267726111" s="53.26105383225487">
      <source w="444" h="258">
        _image052.png
        <url>_image052.png</url>
      </source>
      <sourceUrl>image052.png</sourceUrl>
    </object>
    <object id="154" type="image" x="321277" y="-84202.9" r="-24.343349860980673" s="50.31468433325099">
      <source w="470" h="239">
        Report_Carnet.jpg
        <url>Report_Carnet.jpg</url>
      </source>
      <sourceUrl>Report_Carnet.jpg</sourceUrl>
    </object>
    <object id="182" type="label" x="310000" y="-87660.89999999997" r="-24.30298058300004" s="109.25377225231853" class="strong">
      <textfield>
        <x>-116.4</x>
        <y>-28.75</y>
        <text><![CDATA[Reportes del Sistema]]></text>
        <annotations>r0-21 { align: left; }</annotations>
      </textfield>
    </object>
    <object id="184" type="button" x="351251.4" y="-37345.75" r="-24.29234242489506" s="58.456561151652195" class="roundrect">
      <type>roundrect</type>
      <size>
        <w>1122.1153846153843</w>
        <h>600</h>
      </size>
    </object>
    <object id="185" type="label" x="345418.65" y="-43935.800000000025" r="-24.30297511324437" s="109.25376754236831" class="strong">
      <textfield>
        <x>-236.8</x>
        <y>-55.5</y>
        <text><![CDATA[Implementacion del Sistema y Conclusiones]]></text>
        <annotations>r0-42 { align: left; }</annotations>
      </textfield>
    </object>
    <object id="1_361579" type="button" x="84510.15" y="-30160.9" r="-24.29234258717726" s="249.17295362547523" class="bracket">
      <type>bracket</type>
      <size>
        <w>603.95</w>
        <h>179.81875000000002</h>
      </size>
    </object>
    <object id="52" type="button" x="116103.9" y="-41137.30000000001" r="-24.292407851024556" s="29.699749600397748">
      <type>invisible</type>
      <size>
        <w>800</w>
        <h>1179.2387543252594</h>
      </size>
    </object>
    <object id="189" type="image" x="111788.05" y="-48443.2" r="-24.292399616101793" s="22.91902216917084">
      <source w="595" h="842">
        cuadroprincipalejemplo.jpg
        <url>cuadroprincipalejemplo.jpg</url>
      </source>
    </object>
    <object id="17" type="button" x="30692.550000000007" y="993.5999999999985" r="-24.29236942165149" s="15.562447935224986">
      <type>invisible</type>
      <size>
        <w>820.45</w>
        <h>1535.58431372549</h>
      </size>
    </object>
    <object id="190" type="image" x="28294.050000000014" y="-3915.5000000000036" r="-24.292407573729182" s="19.622577060501186">
      <source w="256" h="256">
        Users.png
        <url>Users.png</url>
      </source>
    </object>
    <object id="18" type="button" x="48535.95000000001" y="-6269.550000000003" r="-24.29240565371053" s="29.4466072008163">
      <type>invisible</type>
      <size>
        <w>800</w>
        <h>835.2331606217616</h>
      </size>
    </object>
    <object id="195" type="image" x="45423.30000000002" y="-11675.400000000001" r="-24.292410448315742" s="22.935371791106643">
      <source w="601" h="319">
        NuevoJugador.jpg
        <url>NuevoJugador.jpg</url>
      </source>
    </object>
    <object id="51" type="button" x="92624.60000000002" y="-30744.200000000008" r="-24.29239717829129" s="30.110824319349494">
      <type>invisible</type>
      <size>
        <w>824.1</w>
        <h>1141.8180887372014</h>
      </size>
    </object>
    <object id="196" type="image" x="91569.95" y="-33077.65000000001" r="-24.29238562642493" s="36.95483389049671">
      <source w="373" h="239">
        NuevaInscripcion.jpg
        <url>NuevaInscripcion.jpg</url>
      </source>
    </object>
    <object id="21" type="button" x="71292.35000000002" y="-16909.000000000007" r="-24.29241674468275" s="29.75329803339443">
      <type>invisible</type>
      <size>
        <w>800</w>
        <h>865.8008658008658</h>
      </size>
    </object>
    <object id="197" type="image" x="68547.10000000002" y="-22118.75" r="-24.292429016311335" s="33.95111936728261">
      <source w="406" h="245">
        NuevaAfiliacion.jpg
        <url>NuevaAfiliacion.jpg</url>
      </source>
    </object>
    <object id="57" type="button" x="139000.1" y="-51571.600000000006" r="-24.29239425482964" s="30.3163601365254">
      <type>invisible</type>
      <size>
        <w>794.625</w>
        <h>1159.9093220338982</h>
      </size>
    </object>
    <object id="198" type="image" x="137061.2" y="-55865.850000000006" r="-24.292371425766056" s="24.182717236423724">
      <source w="798" h="465">
        Reportes_Ranking_Planilla.JPG
        <url>Reportes_Ranking_Planilla.JPG</url>
      </source>
    </object>
    <object id="199" type="image" x="87628.60000000002" y="-41783.25" r="-24.29233987793163" s="40.985078874729496">
      <source w="330" h="189">
        NuevaInscripcionWeb.jpg
        <url>NuevaInscripcionWeb.jpg</url>
      </source>
    </object>
    <object id="0" type="button" x="-114360.35" y="-84078.85" r="-16.814826816247084" s="41.66951816234816" class="bracket">
      <type>bracket</type>
      <size>
        <w>636.7208363667822</w>
        <h>600</h>
      </size>
    </object>
    <object id="0_22276424" type="button" x="-111677.64999999998" y="-83558.55" r="-158.1628232643646" s="19.156619733073">
      <type>invisible</type>
      <size>
        <w>715</w>
        <h>314</h>
      </size>
    </object>
    <object id="1_22276424" type="button" x="-116904.9" y="-82972.5" r="-24.292342744363555" s="21.13009644897893">
      <type>invisible</type>
      <size>
        <w>627.95</w>
        <h>328.95</h>
      </size>
    </object>
    <object id="2_22276424" type="button" x="-113020.7" y="-87056.4" r="117.36156617455977" s="13.616595346237375">
      <type>invisible</type>
      <size>
        <w>915.05</w>
        <h>479.05</h>
      </size>
    </object>
    <object id="3_22276424" type="button" x="-114233.3" y="-84414.39999999998" r="-24.292344605466393" s="25.415658666080635" class="circle">
      <type>circle</type>
      <size>
        <w>197.9</w>
        <h>197.9</h>
      </size>
    </object>
    <object id="4_22276424" type="label" x="-114260.25000000001" y="-84473.79999999999" r="-24.292346454326523" s="41.61956767124339" class="strong">
      <textfield>
        <x>-47.9</x>
        <y>-18.35</y>
        <text><![CDATA[FNT]]></text>
        <annotations>r0-3 { align: center; }</annotations>
        <w>95.8</w>
        <h>36.65</h>
      </textfield>
    </object>
    <object id="5_22276424" type="shape" x="-112913.2" y="-84614.45" r="65.70152210044958" s="7.583413300221351">
      <geom type="line">
        <sp>-392.6461505341935 214.71800957304657</sp>
        <ep>392.64615053419345 214.71800957304657</ep>
        <b>-429.4360191460932</b>
        <t>8</t>
      </geom>
    </object>
    <object id="6_22276424" type="shape" x="-118664.90000000001" y="-84572.94999999998" r="-34.3150169107969" s="7.438388399057079">
      <geom type="line">
        <sp>496.0097072730794 0</sp>
        <ep>-496.0097072730794 0</ep>
        <t>8</t>
      </geom>
    </object>
    <object id="7_22276424" type="shape" x="-121621.15" y="-80492.15" r="65.70765827583372" s="7.567530849275868">
      <geom type="line">
        <sp>-246.56358294285016 -97.405451205285</sp>
        <ep>246.56358294285013 -97.405451205285</ep>
        <b>194.81090241057</b>
        <t>8</t>
      </geom>
    </object>
    <object id="8_22276424" type="shape" x="-116673.5" y="-80160.04999999999" r="-16.94717305685886" s="7.471502256251701">
      <geom type="line">
        <sp>-490.63681647912273 0</sp>
        <ep>490.6368164791228 0</ep>
        <t>8</t>
      </geom>
    </object>
    <object id="19_22276424" type="label" x="-119490.7" y="-81672.8" r="-24.292342523008962" s="20.809661818374927" class="head">
      <textfield>
        <x>-61.3</x>
        <y>-18.35</y>
        <text><![CDATA[Jugadores]]></text>
        <annotations>r0-9 { align: left; }</annotations>
      </textfield>
    </object>
    <object id="20_22276424" type="shape" x="-106371.95000000001" y="-82458.89999999998" r="141.93792814313977" s="5.013008599174375">
      <geom type="line">
        <sp>18.740729862772145 0</sp>
        <ep>-18.740729862772145 0</ep>
        <t>8</t>
      </geom>
    </object>
    <object id="21_22276424" type="shape" x="-109617.15" y="-85385.89999999998" r="-151.14193369403398" s="7.189682196519955">
      <geom type="line">
        <sp>-514.5242644403336 0</sp>
        <ep>514.5242644403336 0</ep>
        <t>8</t>
      </geom>
    </object>
    <object id="22_22276424" type="shape" x="-106213.45" y="-82060.1" r="-121.05210997378903" s="5.119375854135188">
      <geom type="line">
        <sp>-80.52494401388049 -5.625000000000001</sp>
        <ep>80.52494401388049 -5.625000000000001</ep>
        <b>11.25</b>
        <t>8</t>
      </geom>
    </object>
    <object id="23_22276424" type="shape" x="-106526.15" y="-80786.69999999998" r="-176.48807416618695" s="4.964609215339941">
      <geom type="line">
        <sp>-45.22057246876494 0</sp>
        <ep>45.22057246876494 0</ep>
        <t>8</t>
      </geom>
    </object>
    <object id="24_22276424" type="shape" x="-107002.15000000001" y="-81202.55" r="-91.00320117790478" s="4.994493247383791">
      <geom type="line">
        <sp>-115.9632614257124 7.387499999999999</sp>
        <ep>115.9632614257124 7.3875</ep>
        <b>-14.775</b>
        <t>8</t>
      </geom>
    </object>
    <object id="25_22276424" type="shape" x="-115351.45" y="-85117.39999999998" r="-67.97677691553808" s="7.1836905532937365">
      <geom type="line">
        <sp>-394.8468756480688 214.7180095730466</sp>
        <ep>394.8468756480688 214.7180095730466</ep>
        <b>-429.4360191460932</b>
        <t>8</t>
      </geom>
    </object>
    <object id="26_22276424" type="shape" x="-106432" y="-80956.89999999998" r="-128.05677223742205" s="5.059823601971505">
      <geom type="line">
        <sp>-44.88734319428696 0</sp>
        <ep>44.88734319428696 0</ep>
        <t>8</t>
      </geom>
    </object>
    <object id="27_22276424" type="shape" x="-106841.15000000001" y="-81744.65" r="-164.44168896754906" s="4.927178643426898">
      <geom type="line">
        <sp>27.10498554871231 0</sp>
        <ep>-27.10498554871231 0</ep>
        <t>8</t>
      </geom>
    </object>
    <object id="28_22276424" type="shape" x="-106580.60000000002" y="-80931.74999999999" r="122.63318048257108" s="4.939077756783473">
      <geom type="line">
        <sp>-26.46316822639596 -3.9749999999999996</sp>
        <ep>26.46316822639596 -3.9749999999999996</ep>
        <b>7.949999999999999</b>
        <t>8</t>
      </geom>
    </object>
    <object id="29_22276424" type="shape" x="-106659.85000000002" y="-81912.09999999999" r="-75.43656414679117" s="4.933195488948671">
      <geom type="line">
        <sp>-43.03386133672855 0</sp>
        <ep>43.03386133672855 0</ep>
        <t>8</t>
      </geom>
    </object>
    <object id="30_22276424" type="shape" x="-106997.35000000002" y="-80456.4" r="-75.43778308333441" s="4.939638871619416">
      <geom type="line">
        <sp>33.7371078507845 0</sp>
        <ep>-33.7371078507845 0</ep>
        <t>8</t>
      </geom>
    </object>
    <object id="31_22276424" type="shape" x="-106297.35" y="-81936.65" r="-143.60819235089292" s="4.9662533650650795">
      <geom type="line">
        <sp>72.03948155444925 -6.524999999999977</sp>
        <ep>-72.03948155444925 -6.5250000000000234</ep>
        <b>-13.05</b>
        <t>8</t>
      </geom>
    </object>
    <object id="32_22276424" type="label" x="-108145.2" y="-82128.80000000002" r="-158.16283259898705" s="19.810580279885833" class="head">
      <textfield>
        <x>-50.1</x>
        <y>-18.35</y>
        <text><![CDATA[Torneos]]></text>
        <annotations>r0-7 { align: left; }</annotations>
      </textfield>
    </object>
    <object id="33_22276424" type="shape" x="-111334.95000000001" y="-81096.1" r="-167.41218151653027" s="7.194472365760147">
      <geom type="line">
        <sp>520.714731809605 0</sp>
        <ep>-520.714731809605 0</ep>
        <t>8</t>
      </geom>
    </object>
    <object id="34_22276424" type="shape" x="-106372.85000000002" y="-81678.7" r="-68.4652440102156" s="7.175502721211292">
      <geom type="line">
        <sp>-248.5813551161772 -97.405451205285</sp>
        <ep>248.5813551161772 -97.405451205285</ep>
        <b>194.81090241057</b>
        <t>8</t>
      </geom>
    </object>
    <object id="35_22276424" type="shape" x="-110435.45" y="-91130.1" r="25.344947510235045" s="3.7855727022059233">
      <geom type="line">
        <sp>-24.53635454778475 -3.9749999999999996</sp>
        <ep>24.53635454778475 -3.9749999999999996</ep>
        <b>7.949999999999999</b>
        <t>8</t>
      </geom>
    </object>
    <object id="36_22276424" type="shape" x="-110787.85000000002" y="-91601.49999999999" r="-153.14060656637753" s="7.1719194714875325">
      <geom type="line">
        <sp>-245.7062633369727 -97.405451205285</sp>
        <ep>245.7062633369727 -97.405451205285</ep>
        <b>194.81090241057</b>
        <t>8</t>
      </geom>
    </object>
    <object id="39_22276424" type="shape" x="-110351.44999999998" y="-91156.39999999998" r="78.97038248262427" s="3.7738302010062568">
      <geom type="line">
        <sp>-37.05260774102534 0</sp>
        <ep>37.05260774102534 0</ep>
        <t>8</t>
      </geom>
    </object>
    <object id="40_22276424" type="label" x="-111727.45" y="-89833.49999999999" r="117.36156709966761" s="19.799730900090626" class="head">
      <textfield>
        <x>-41.75</x>
        <y>-18.35</y>
        <text><![CDATA[Clubes]]></text>
        <annotations>r0-6 { align: left; }</annotations>
      </textfield>
    </object>
    <object id="41_22276424" type="shape" x="-109915.90000000001" y="-90711.99999999999" r="-170.71666610509098" s="3.887513201934964">
      <geom type="line">
        <sp>110.67292498307248 11.939877688188826</sp>
        <ep>-110.67292498307248 11.939877688188774</ep>
        <b>23.8797553763776</b>
        <t>8</t>
      </geom>
    </object>
    <object id="44_22276424" type="shape" x="-115125.65000000001" y="-83028.09999999999" r="-151.38327012241496" s="7.181800393244906">
      <geom type="line">
        <sp>-401.1696569326007 214.7180095730466</sp>
        <ep>401.1696569326007 214.7180095730466</ep>
        <b>-429.4360191460932</b>
        <t>8</t>
      </geom>
    </object>
    <object id="45_22276424" type="shape" x="-110689.6" y="-86601.4" r="107.97393839704463" s="7.166738879919966">
      <geom type="line">
        <sp>525.2276304492681 0</sp>
        <ep>-525.2276304492682 0</ep>
        <t>8</t>
      </geom>
    </object>
    <object id="46_22276424" type="shape" x="-110493.2" y="-91210.50000000001" r="141.93158107077417" s="3.89924841099359">
      <geom type="line">
        <sp>-35.58579148405419 0</sp>
        <ep>35.5857914840542 0</ep>
        <t>8</t>
      </geom>
    </object>
    <object id="48_22276424" type="shape" x="-111191.44999999998" y="-91076.55" r="69.9615548774662" s="3.767677425253296">
      <geom type="line">
        <sp>43.29434849867379 -7.367516735642264</sp>
        <ep>-43.29434849867379 -7.367516735642285</ep>
        <b>-14.735033471284549</b>
        <t>8</t>
      </geom>
    </object>
    <object id="49_22276424" type="shape" x="-114792.85000000002" y="-88778.8" r="125.37295347326749" s="7.20157999567254">
      <geom type="line">
        <sp>-509.7443947573265 0</sp>
        <ep>509.7443947573265 0</ep>
        <t>8</t>
      </geom>
    </object>
    <object id="50_22276424" type="label" x="-114828.7" y="-76044.85000000002" r="-24.29234405881238" s="58.26748822723616" class="strong">
      <textfield>
        <x>-87.65</x>
        <y>-34.65</y>
        <text><![CDATA[Organización  Actual de la FNT]]></text>
        <annotations>r0-30 { align: left; }</annotations>
        <w>175.25</w>
        <h>69.3</h>
      </textfield>
    </object>
    <object id="4_615714" type="shape" x="-110504.9" y="-90927.55000000002" r="-152.6378506592607" s="3.761288920204488">
      <geom type="line">
        <sp>-52.78506290351667 -3.670072749299382</sp>
        <ep>52.78506290351667 -3.670072749299382</ep>
        <b>7.340145498598764</b>
        <t>8</t>
      </geom>
    </object>
    <object id="5_615714" type="shape" x="-110899.45000000001" y="-90973.05" r="169.22424452001434" s="3.7648712646958433">
      <geom type="line">
        <sp>-57.03936616364094 0</sp>
        <ep>57.03936616364094 0</ep>
        <t>8</t>
      </geom>
    </object>
    <object id="6_615714" type="shape" x="-111345.35" y="-91274.7" r="-167.70230652025336" s="3.752796937200552">
      <geom type="line">
        <sp>-36.12777968979851 -2.496051050660337</sp>
        <ep>36.127779689798516 -2.496051050660337</ep>
        <b>4.992102101320675</b>
        <t>8</t>
      </geom>
    </object>
    <object id="7_615714" type="shape" x="-111469.20000000001" y="-91453.9" r="102.31136978955523" s="3.744469319610211">
      <geom type="line">
        <sp>41.220950935172475 -5.951877134553331</sp>
        <ep>-41.220950935172475 -5.951877134553343</ep>
        <b>-11.903754269106674</b>
        <t>8</t>
      </geom>
    </object>
    <object id="8_615714" type="shape" x="-111839.95000000001" y="-91896.4" r="64.94088389412364" s="3.7592736088800827">
      <geom type="line">
        <sp>-100.05022140836364 -28.157107971271596</sp>
        <ep>100.05022140836364 -28.157107971271596</ep>
        <b>56.31421594254319</b>
        <t>8</t>
      </geom>
    </object>
    <object id="9_615714" type="shape" x="-111553.15" y="-91522.60000000002" r="55.16839511951897" s="3.7577001264877414">
      <geom type="line">
        <sp>-21.91422333762497 -4.536255321616401</sp>
        <ep>21.91422333762497 -4.536255321616401</ep>
        <b>9.072510643232802</b>
        <t>8</t>
      </geom>
    </object>
    <object id="10_615714" type="shape" x="-110320.14999999998" y="-91512.69999999998" r="50.18677044143467" s="3.7513520628920327">
      <geom type="line">
        <sp>296.1366834856335 -8.511013617582826</sp>
        <ep>-296.1366834856335 -8.511013617582975</ep>
        <b>-17.0220272351658</b>
        <t>8</t>
      </geom>
    </object>
    <object id="11_615714" type="shape" x="-106361.65" y="-82742.25" r="-104.27089808724655" s="4.560561049703221">
      <geom type="line">
        <sp>-50.20317870602789 0</sp>
        <ep>50.203178706027884 0</ep>
        <t>8</t>
      </geom>
    </object>
    <object id="12_615714" type="shape" x="-106273.35" y="-83091.64999999998" r="136.18027477318245" s="4.551490941229988">
      <geom type="line">
        <sp>43.18893439442774 0</sp>
        <ep>-43.18893439442775 0</ep>
        <t>8</t>
      </geom>
    </object>
    <object id="13_615714" type="shape" x="-105971.60000000002" y="-83110.14999999998" r="-142.8580821243508" s="4.5420764694851306">
      <geom type="line">
        <sp>44.7913546150948 0</sp>
        <ep>-44.7913546150948 0</ep>
        <t>8</t>
      </geom>
    </object>
    <object id="21_615714" type="shape" x="-121608.45" y="-82239.25" r="65.70765523191417" s="5.134105167908204">
      <geom type="line">
        <sp>-54.41549414863641 0</sp>
        <ep>54.41549414863641 0</ep>
        <t>8</t>
      </geom>
    </object>
    <object id="22_615714" type="shape" x="-121456.9" y="-81784.35" r="-92.0049398613937" s="5.116362391906279">
      <geom type="line">
        <sp>39.376202651073946 -4.34999999999999</sp>
        <ep>-39.37620265107395 -4.350000000000009</ep>
        <b>-8.7</b>
        <t>8</t>
      </geom>
    </object>
    <object id="23_615714" type="shape" x="-121281.49999999999" y="-81350.64999999998" r="49.18350890113808" s="5.11432293404254">
      <geom type="line">
        <sp>-57.7827293344302 0</sp>
        <ep>57.7827293344302 0</ep>
        <t>8</t>
      </geom>
    </object>
    <object id="24_615714" type="shape" x="-121052.19999999998" y="-80983.6" r="-89.737902805772" s="5.110839434940725">
      <geom type="line">
        <sp>28.49004341320762 -6.3662320699603265</sp>
        <ep>-28.49004341320762 -6.366232069960334</ep>
        <b>-12.73246413992066</b>
        <t>8</t>
      </geom>
    </object>
    <object id="25_615714" type="shape" x="-121290.65" y="-80470.05" r="-33.55218894440049" s="5.115471859289325">
      <geom type="line">
        <sp>-32.79941673501076 -3.8005174546467186</sp>
        <ep>32.79941673501076 -3.8005174546467186</ep>
        <b>7.601034909293437</b>
        <t>8</t>
      </geom>
    </object>
    <object id="26_615714" type="shape" x="-121204.95000000001" y="-80658.74999999999" r="-109.78755470627827" s="5.11678961696553">
      <geom type="line">
        <sp>-18.980315220459357 1.85291635304408</sp>
        <ep>18.980315220459357 1.85291635304408</ep>
        <b>-3.70583270608816</b>
        <t>8</t>
      </geom>
    </object>
    <object id="27_615714" type="shape" x="-121238.05" y="-80376.55" r="49.4354401676239" s="5.105970440629178">
      <geom type="line">
        <sp>-15.916637862086828 1.55</sp>
        <ep>15.916637862086828 1.55</ep>
        <b>-3.1</b>
        <t>8</t>
      </geom>
    </object>
    <object id="28_615714" type="shape" x="-121261.65" y="-80194.14999999998" r="-60.880439465026654" s="5.09100707739456">
      <geom type="line">
        <sp>25.960399931262565 2.1000000000000063</sp>
        <ep>-25.960399931262565 2.099999999999994</ep>
        <b>4.2</b>
        <t>8</t>
      </geom>
    </object>
    <object id="29_615714" type="shape" x="-121314.5" y="-79765" r="-72.42958644062254" s="5.082025945390796">
      <geom type="line">
        <sp>57.696501208275144 -18.39191939038948</sp>
        <ep>-57.696501208275144 -18.3919193903895</ep>
        <b>-36.78383878077898</b>
        <t>8</t>
      </geom>
    </object>
    <object id="30_615714" type="shape" x="-121599.95" y="-79498.04999999999" r="-11.524677867852736" s="5.087765174226764">
      <geom type="line">
        <sp>20.557613970579503 0</sp>
        <ep>-20.557613970579503 0</ep>
        <t>8</t>
      </geom>
    </object>
    <object id="31_615714" type="shape" x="-121722.7" y="-81568.44999999998" r="-34.050927147803115" s="5.115056473059655">
      <geom type="line">
        <sp>-31.25655154760723 0</sp>
        <ep>31.25655154760723 0</ep>
        <t>8</t>
      </geom>
    </object>
    <object id="32_615714" type="shape" x="-121734.60000000002" y="-81455.24999999999" r="25.09959921835221" s="5.095863683745535">
      <geom type="line">
        <sp>-20.59391664439947 0</sp>
        <ep>20.59391664439947 0</ep>
        <t>8</t>
      </geom>
    </object>
    <object id="33_615714" type="shape" x="-121649.95000000001" y="-81525.9" r="-92.00691012059946" s="5.0947540958695">
      <geom type="line">
        <sp>-16.375773644461443 -2.75</sp>
        <ep>16.375773644461443 -2.75</ep>
        <b>5.5</b>
        <t>8</t>
      </geom>
    </object>
    <object id="34_615714" type="shape" x="-121626.9" y="-81783.4" r="-4.008583616921595" s="5.087371703218317">
      <geom type="line">
        <sp>17.49459663325322 0</sp>
        <ep>-17.494596633253224 0</ep>
        <t>8</t>
      </geom>
    </object>
    <object id="35_615714" type="shape" x="-121844.35" y="-81673.44999999998" r="-39.06220687756861" s="5.085921017249552">
      <geom type="line">
        <sp>32.06653324025855 0</sp>
        <ep>-32.06653324025855 0</ep>
        <t>8</t>
      </geom>
    </object>
    <object id="36_615714" type="shape" x="-121159.95000000001" y="-80796.89999999998" r="-30.798381067179523" s="5.109373257741369">
      <geom type="line">
        <sp>-15.948116386995505 0</sp>
        <ep>15.948116386995505 0</ep>
        <t>8</t>
      </geom>
    </object>
    <object id="37_615714" type="shape" x="-122290.94999999998" y="-80958.75" r="56.444210293497434" s="6.59369957923788">
      <geom type="line">
        <sp>-49.21287281836453 -5.59375</sp>
        <ep>49.21287281836453 -5.59375</ep>
        <b>11.1875</b>
        <t>8</t>
      </geom>
    </object>
    <object id="39_615714" type="shape" x="-122405.35000000002" y="-80736.45" r="61.19935322121518" s="6.597194075236376">
      <geom type="line">
        <sp>16.846554904664107 0</sp>
        <ep>-16.846554904664107 0</ep>
        <t>8</t>
      </geom>
    </object>
    <object id="40_615714" type="shape" x="-122215.65000000001" y="-80672.35" r="-15.523438785803544" s="6.590910036536624">
      <geom type="line">
        <sp>-20.915259371043245 0</sp>
        <ep>20.91525937104325 0</ep>
        <t>8</t>
      </geom>
    </object>
    <object id="16" type="button" x="-62933.7" y="43336.05" r="-24.292421234429767" s="163.34887439923108" class="bracket">
      <type>bracket</type>
      <size>
        <w>677.7777777777777</w>
        <h>600</h>
      </size>
    </object>
    <object id="1_361325" type="shape" x="-34879.2" y="40209.4" r="82.90556105911128" s="181.00727965562015">
      <geom type="arrow">
        <sp>-50.46082659893059 7.529534348925782</sp>
        <ep>50.46082659893059 7.529534348925782</ep>
        <b>-15.059068697851565</b>
        <t>8</t>
      </geom>
    </object>
    <object id="2_361325" type="shape" x="-73349.7" y="19750" r="-10.513349773500178" s="180.9008864342715">
      <geom type="arrow">
        <sp>-52.789888460629015 7.877066335030883</sp>
        <ep>52.789888460629015 7.877066335030883</ep>
        <b>-15.754132670061765</b>
        <t>8</t>
      </geom>
    </object>
    <object id="3_361325" type="button" x="-37610.6" y="63620.05" r="-24.292345066835367" s="206.44252482247114" class="circle">
      <type>circle</type>
      <size>
        <w>119.2</w>
        <h>119.2</h>
      </size>
    </object>
    <object id="4_361325" type="label" x="-27713.95" y="68297.6" r="-24.29234429380241" s="174.67131544030073" class="strong">
      <textfield>
        <x>-43.9</x>
        <y>-18.35</y>
        <text><![CDATA[Sprint 2]]></text>
        <annotations>r0-8 { align: center; }</annotations>
        <w>87.8</w>
        <h>36.65</h>
      </textfield>
    </object>
    <object id="49" type="image" x="-89934.3" y="27411.95" r="-24.496132640247446" s="7.372457407569751">
      <source w="727" h="474">
        _Arquitectura.jpg
        <url>_Arquitectura.jpg</url>
      </source>
    </object>
    <object id="5_361325" type="button" x="-95158.4" y="32610.4" r="-24.29234833652881" s="206.43886384484057" class="circle">
      <type>circle</type>
      <size>
        <w>119.2</w>
        <h>119.2</h>
      </size>
    </object>
    <object id="6_361325" type="button" x="-45656.9" y="20330.4" r="-24.292345066835367" s="206.44252482247114" class="circle">
      <type>circle</type>
      <size>
        <w>119.2</w>
        <h>119.2</h>
      </size>
    </object>
    <object id="7_361325" type="button" x="-102220" y="30529.1" r="-24.29234419799621" s="54.23563526434602" class="circle">
      <type>circle</type>
      <size>
        <w>119.2</w>
        <h>119.2</h>
      </size>
    </object>
    <object id="9_361325" type="shape" x="-96516.65" y="27153.85" r="-10.527921914626475" s="49.710298170717245">
      <geom type="arrow">
        <sp>-50.46082659893059 7.529534348925782</sp>
        <ep>50.46082659893059 7.529534348925782</ep>
        <b>-15.059068697851565</b>
        <t>8</t>
      </geom>
    </object>
    <object id="10_361325" type="label" x="-102295.4" y="30415.25" r="-24.292347497672274" s="16.72377978082597" class="body">
      <textfield>
        <x>-133.85</x>
        <y>-79.5</y>
        <text><![CDATA[La metodología a utilizar en el proyecto es SCRUM y el diseño estará guiado por DDD, orientado al Dominio y en 5 capas]]></text>
        <annotations>r0-118 { align: left; }</annotations>
        <w>267.7</w>
        <h>199.9</h>
      </textfield>
    </object>
    <object id="12_361325" type="button" x="-90122.2" y="27529.5" r="-24.29234589014554" s="54.2368371593111" class="circle">
      <type>circle</type>
      <size>
        <w>119.2</w>
        <h>119.2</h>
      </size>
    </object>
    <object id="15_361325" type="shape" x="-89873.2" y="34191.3" r="111.58637853700071" s="47.47518251394213">
      <geom type="arrow">
        <sp>-50.46082659893059 7.529534348925782</sp>
        <ep>50.46082659893059 7.529534348925782</ep>
        <b>-15.059068697851565</b>
        <t>8</t>
      </geom>
    </object>
    <object id="16_361325" type="label" x="-47048.6" y="31025.8" r="-24.29234429380241" s="174.67131544030073" class="strong">
      <textfield>
        <x>-43.9</x>
        <y>-18.35</y>
        <text><![CDATA[Sprint 1]]></text>
        <annotations>r0-8 { align: center; }</annotations>
        <w>87.8</w>
        <h>36.65</h>
      </textfield>
    </object>
    <object id="17_361325" type="label" x="-83431.1" y="35628.45" r="-24.29234429380241" s="174.67131544030073" class="strong">
      <textfield>
        <x>-46.3</x>
        <y>-18.35</y>
        <text><![CDATA[Sprint 0]]></text>
        <annotations>r0-8 { align: center; }</annotations>
        <w>92.55</w>
        <h>36.65</h>
      </textfield>
    </object>
    <object id="0_361579" type="shape" x="94109.30000000002" y="-27274.750000000007" r="-24.292342193044572" s="221.68123216175957">
      <geom type="arrow">
        <sp>-343.6164600954153 0</sp>
        <ep>343.6164600954153 0</ep>
        <t>8</t>
      </geom>
    </object>
    <object id="2_361579" type="label" x="48921.600000000006" y="-3911.400000000005" r="-24.2923428406208" s="94.9229954641434" class="strong">
      <textfield>
        <x>-79.9</x>
        <y>-18.35</y>
        <text><![CDATA[Nuevo Jugador]]></text>
        <annotations>r0-13 { align: left; }</annotations>
      </textfield>
    </object>
    <object id="4_361579" type="shape" x="23739.20000000002" y="580.4499999999935" r="-114.29234604395604" s="93.02389052501631">
      <geom type="line">
        <sp>-43.08146566559059 0</sp>
        <ep>43.08146566559059 0</ep>
        <t>8</t>
      </geom>
    </object>
    <object id="5_361579" type="shape" x="35257.900000000016" y="-4624.500000000011" r="-114.29234604395604" s="93.02389052501631">
      <geom type="line">
        <sp>-43.08146566559059 0</sp>
        <ep>43.08146566559059 0</ep>
        <t>8</t>
      </geom>
    </object>
    <object id="6_361579" type="shape" x="58400.150000000016" y="-15066.850000000004" r="-114.29234604395604" s="93.02389052501631">
      <geom type="line">
        <sp>-43.08146566559059 0</sp>
        <ep>43.08146566559059 0</ep>
        <t>8</t>
      </geom>
    </object>
    <object id="11_361579" type="shape" x="81453.40000000001" y="-25472.850000000002" r="-114.29234604395604" s="93.02389052501631">
      <geom type="line">
        <sp>-43.08146566559059 0</sp>
        <ep>43.08146566559059 0</ep>
        <t>8</t>
      </geom>
    </object>
    <object id="12_361579" type="shape" x="104589.7" y="-35909.5" r="-114.29234604395604" s="93.02389052501631">
      <geom type="line">
        <sp>-43.08146566559059 0</sp>
        <ep>43.08146566559059 0</ep>
        <t>8</t>
      </geom>
    </object>
    <object id="15_361579" type="shape" x="127732.15" y="-46365.3" r="-114.29234604395604" s="93.02389052501631">
      <geom type="line">
        <sp>-43.08146566559059 0</sp>
        <ep>43.08146566559059 0</ep>
        <t>8</t>
      </geom>
    </object>
    <object id="21_361579" type="label" x="54117.05000000002" y="-13017.200000000008" r="-24.292343933702075" s="10.973558751320628" class="body">
      <textfield>
        <x>-145.8</x>
        <y>-16.4</y>
        <text><![CDATA[(cc) image by jantik on Flickr]]></text>
        <annotations>r0-30 { align: left; }</annotations>
      </textfield>
    </object>
    <object id="20" type="shape" x="-111178" y="-66665.9" r="91.31073541160073" s="107.7370221607481" class="line4">
      <geom type="arrow">
        <sp>38.77044318220919 5.89285697593715</sp>
        <ep>-38.770443182209185 5.89285697593714</ep>
        <b>11.785713951874289</b>
        <t>8</t>
      </geom>
    </object>
    <object id="1_22276903" type="shape" x="-24196.850000000002" y="-89110.95" r="-88.49510122939319" s="31.531759393694234">
      <geom type="line">
        <sp>183.3697322011446 14.650000000000032</sp>
        <ep>-183.3697322011446 14.649999999999968</ep>
        <b>29.3</b>
        <t>8</t>
      </geom>
    </object>
    <object id="2_22276903" type="shape" x="-31146.6" y="-85912.4" r="39.65891195291664" s="31.519149090214782">
      <geom type="line">
        <sp>182.10800560910295 13.225000000000044</sp>
        <ep>-182.10800560910295 13.22499999999996</ep>
        <b>26.45</b>
        <t>8</t>
      </geom>
    </object>
    <object id="3_22276903" type="button" x="-30548.2" y="-88745" r="-36.80433596163825" s="30.423446354808156" class="circle">
      <type>circle</type>
      <size>
        <w>135.9</w>
        <h>135.9</h>
      </size>
    </object>
    <object id="4_22276903" type="shape" x="-31747.55" y="-85421.25" r="38.90645430579516" s="31.438323235081324">
      <geom type="line">
        <sp>175.5305895935662 13.225</sp>
        <ep>-175.5305895935662 13.224999999999996</ep>
        <b>26.449999999999996</b>
        <t>8</t>
      </geom>
    </object>
    <object id="5_22276903" type="shape" x="-27347.05" y="-81759.04999999999" r="-23.038517932396676" s="31.46857556667745">
      <geom type="line">
        <sp>12.414782437447425 0</sp>
        <ep>-12.414782437447425 0</ep>
        <t>8</t>
      </geom>
    </object>
    <object id="6_22276903" type="shape" x="-36065.450000000004" y="-88901.1" r="-56.149032596964354" s="31.19150989927082">
      <geom type="line">
        <sp>-13.46151315457568 0</sp>
        <ep>13.46151315457568 0</ep>
        <t>8</t>
      </geom>
    </object>
    <object id="7_22276903" type="shape" x="-23520.35" y="-83490.55" r="158.2144203025015" s="31.464084101789044">
      <geom type="line">
        <sp>12.95767441678522 0</sp>
        <ep>-12.95767441678522 0</ep>
        <t>8</t>
      </geom>
    </object>
    <object id="8_22276903" type="shape" x="-23118.550000000003" y="-94976.8" r="170.77183852533508" s="32.202942172372936">
      <geom type="line">
        <sp>-14.205546837203006 0</sp>
        <ep>14.205546837203006 0</ep>
        <t>8</t>
      </geom>
    </object>
    <object id="9_22276903" type="shape" x="-23381.300000000007" y="-89370.25" r="-87.74224180154073" s="31.43232330964506">
      <geom type="line">
        <sp>181.51275048180256 14.650000000000029</sp>
        <ep>-181.51275048180253 14.649999999999972</ep>
        <b>29.3</b>
        <t>8</t>
      </geom>
    </object>
    <object id="10_22276903" type="shape" x="-25516" y="-82806.99999999999" r="-24.322141981126137" s="8.404973562428582">
      <geom type="line">
        <sp>-203.79459464986465 22.225</sp>
        <ep>203.79459464986468 22.225</ep>
        <b>-44.45</b>
        <t>8</t>
      </geom>
    </object>
    <object id="11_22276903" type="shape" x="-26299.15" y="-84538.14999999998" r="-24.292418615598194" s="6.036356250348025">
      <geom type="line">
        <sp>-349.35 16.65</sp>
        <ep>349.35 16.65</ep>
        <b>-33.3</b>
        <t>8</t>
      </geom>
    </object>
    <object id="12_22276903" type="shape" x="-27766.5" y="-87660.9" r="-24.292420077282582" s="7.230150384315597">
      <geom type="line">
        <sp>-485.425 -33.1</sp>
        <ep>485.425 -33.1</ep>
        <b>66.2</b>
        <t>8</t>
      </geom>
    </object>
    <object id="13_22276903" type="shape" x="-29431.300000000003" y="-91463.05" r="-24.58879760721148" s="7.228506777235751">
      <geom type="line">
        <sp>-934.1692520944788 -94.1375</sp>
        <ep>934.1692520944788 -94.1375</ep>
        <b>188.275</b>
        <t>8</t>
      </geom>
    </object>
    <object id="14_22276903" type="shape" x="-22393.950000000004" y="-95194.65" r="-24.292422158603767" s="20.70761285971409">
      <geom type="line">
        <sp>-13.272557718230319 0</sp>
        <ep>13.272557718230317 0</ep>
        <t>8</t>
      </geom>
    </object>
    <object id="15_22276903" type="button" x="-26072.85" y="-84037" r="-36.8043454099281" s="24.50857641189507" class="circle">
      <type>circle</type>
      <size>
        <w>69.2</w>
        <h>69.2</h>
      </size>
    </object>
    <object id="16_22276903" type="button" x="-26363.700000000004" y="-86837.25" r="-6.769891027103632" s="24.441993562818762" class="circle">
      <type>circle</type>
      <size>
        <w>121.5</w>
        <h>121.5</h>
      </size>
    </object>
    <object id="17_22276903" type="button" x="-28138.299999999996" y="-94790.4" r="-13.032921713829468" s="17.507557181881687" class="circle">
      <type>circle</type>
      <size>
        <w>283.8</w>
        <h>283.8</h>
      </size>
    </object>
    <object id="25" type="image" x="-31994.700000000008" y="-79882.25" r="-36.804333914194444" s="18.704239693448425">
      <source w="312" h="294">
        8d7Z2fclo5.jpg
        <url>8d7Z2fclo5.jpg</url>
      </source>
    </object>
    <object id="18_22276903" type="label" x="-28140.450000000004" y="-94789.75" r="-13.032924489716256" s="28.3688478360882" class="body">
      <textfield>
        <x>-73.15</x>
        <y>-48.5</y>
        <text><![CDATA[Empleados, árbitros y jugadores]]></text>
        <annotations>r0-31 { align: center; }</annotations>
        <w>146.3</w>
        <h>101.95</h>
      </textfield>
    </object>
    <object id="19_22276903" type="label" x="-26226.5" y="-86899.25" r="-6.7580013412259765" s="17.02576707479436" class="body">
      <textfield>
        <x>-72.45</x>
        <y>-48.5</y>
        <text><![CDATA[Categorías diferenciadas por edad]]></text>
        <annotations>r0-33 { align: left; }</annotations>
        <w>144.85</w>
        <h>101.95</h>
      </textfield>
    </object>
    <object id="20_22276903" type="label" x="-26082.249999999996" y="-84033.95" r="-36.80433771390179" s="8.090721372396594" class="body">
      <textfield>
        <x>-56.7</x>
        <y>-64</y>
        <text><![CDATA[Torneos realizados por los clubes]]></text>
        <annotations>r0-33 { align: center; }</annotations>
        <w>113.35</w>
        <h>134.6</h>
      </textfield>
    </object>
    <object id="22_22276903" type="label" x="-18886.699999999997" y="-92232.15" r="-24.292421754696413" s="47.106972023191915" class="strong">
      <textfield>
        <x>-65.15</x>
        <y>-34.65</y>
        <text><![CDATA[Alcance del Proyecto]]></text>
        <annotations>r0-20 { align: left; }</annotations>
        <w>130.25</w>
        <h>69.3</h>
      </textfield>
    </object>
    <object id="23_22276903" type="shape" x="-23591.7" y="-89713.8" r="-24.29242051591732" s="15.886145130439923">
      <geom type="line">
        <sp>-17.300843177804982 0</sp>
        <ep>17.300843177804985 0</ep>
        <t>8</t>
      </geom>
    </object>
    <object id="24_22276903" type="shape" x="-23301.100000000006" y="-85674.65" r="-24.29242051591732" s="15.886145130439923">
      <geom type="line">
        <sp>-17.300843177804982 0</sp>
        <ep>17.300843177804985 0</ep>
        <t>8</t>
      </geom>
    </object>
    <object id="25_22276903" type="shape" x="-22882.65" y="-83779.05" r="-24.29242051591732" s="15.886145130439923">
      <geom type="line">
        <sp>-17.300843177804982 0</sp>
        <ep>17.300843177804985 0</ep>
        <t>8</t>
      </geom>
    </object>
    <object id="28_22276903" type="label" x="-30732.1" y="-89153.6" r="-24.292401494968477" s="23.836073782773678" class="body">
      <textfield>
        <x>-70.55</x>
        <y>-48.5</y>
        <text><![CDATA[Clubes y sus distintas sedes]]></text>
        <annotations>r0-28 { align: center; }</annotations>
        <w>141.05</w>
        <h>134.6</h>
      </textfield>
    </object>
    <object id="22" type="label" x="-35729.60000000001" y="-95674.7" r="-24.292373480384903" s="33.64783572352632" class="body">
      <textfield>
        <x>-238.2</x>
        <y>-33</y>
        <text><![CDATA[Por lo tanto el cliente solicita un sistema que almacene los siguientes datos:]]></text>
        <annotations>r0-78 { align: left; }</annotations>
        <w>476.4</w>
        <h>69.3</h>
      </textfield>
    </object>
    <object id="28" type="button" x="12128.5" y="-107428.5" r="-24.292408564780743" s="14.371830166419098" class="bracket">
      <type>bracket</type>
      <size>
        <w>2123.3</w>
        <h>868.4749999999999</h>
      </size>
    </object>
    <object id="27" type="label" x="10921.299999999996" y="-106830.4" r="-24.292407398066445" s="47.04915555685063" class="body">
      <textfield>
        <x>-261.7</x>
        <y>-79.5</y>
        <text><![CDATA[Y que genere reportes de: Carnet de afiliado para los jugadores federadosCupones de inscripción a los distintos torneosLlaves de cada torneoEstadísticas de cada jugador]]></text>
        <annotations>r0-27 { align: left; }
r27-75 { bullet: true; }
r27-75 { align: left; }
r27-75 { blockIndent: 36; }
r75-122 { bullet: true; }
r75-122 { align: left; }
r75-122 { blockIndent: 36; }
r122-144 { bullet: true; }
r122-144 { align: left; }
r122-144 { blockIndent: 36; }
r144-173 { bullet: true; }
r144-173 { align: left; }
r144-173 { blockIndent: 36; }</annotations>
      </textfield>
    </object>
    <object id="34" type="image" x="86308.75" y="-137081.7" r="-24.292407573729182" s="19.622577060501193">
      <source w="256" h="256">
        Users.png
        <url>Users.png</url>
      </source>
    </object>
    <object id="35" type="shape" x="88509.20000000001" y="-146235.79999999996" r="-24.29240298583693" s="53.902722140496614" class="line4">
      <geom type="arrow">
        <sp>-30 0</sp>
        <ep>30 0</ep>
        <t>8</t>
      </geom>
    </object>
    <object id="36" type="shape" x="91572.25000000001" y="-139448.39999999997" r="-24.29240298583693" s="53.902722140496614" class="line4">
      <geom type="arrow">
        <sp>-30 0</sp>
        <ep>30 0</ep>
        <t>8</t>
      </geom>
    </object>
    <object id="38" type="shape" x="99675.1" y="-150096.45" r="5.7019111674622325" s="53.902721315101935" class="line4">
      <geom type="arrow">
        <sp>-30 0</sp>
        <ep>30 0</ep>
        <t>8</t>
      </geom>
    </object>
    <object id="39" type="shape" x="102262.05" y="-145212" r="-61.115225587617694" s="53.90271802942851" class="line4">
      <geom type="arrow">
        <sp>-30 0</sp>
        <ep>30 0</ep>
        <t>8</t>
      </geom>
    </object>
    <object id="40" type="label" x="84506.35" y="-141084.99999999997" r="-24.292409966822763" s="55.60479923635" class="body">
      <textfield>
        <x>-52.4</x>
        <y>-17.5</y>
        <text><![CDATA[Jugadores]]></text>
        <annotations>r0-9 { align: left; }</annotations>
      </textfield>
    </object>
    <object id="41" type="label" x="87957.95" y="-134097" r="-24.29239758842245" s="55.5365236902608" class="body">
      <textfield>
        <x>-58.1</x>
        <y>-17.5</y>
        <text><![CDATA[Empleados]]></text>
        <annotations>r0-9 { align: left; }</annotations>
      </textfield>
    </object>
    <object id="45" type="label" x="95452.45" y="-146025.55" r="-24.292409966822763" s="55.60479923635" class="body">
      <textfield>
        <x>-65.85</x>
        <y>-17.5</y>
        <text><![CDATA[Versión Web]]></text>
        <annotations>r0-11 { align: left; }</annotations>
      </textfield>
    </object>
    <object id="46" type="label" x="98836.90000000001" y="-139009.1" r="-24.29239758842245" s="55.5365236902608" class="body">
      <textfield>
        <x>-85</x>
        <y>-17.5</y>
        <text><![CDATA[Versión Desktop]]></text>
        <annotations>r0-15 { align: left; }</annotations>
      </textfield>
    </object>
    <object id="47" type="label" x="106685.85000000002" y="-146427.05" r="-24.292407378524715" s="55.4683164380427" class="body">
      <textfield>
        <x>-46</x>
        <y>-33</y>
        <text><![CDATA[Base de Datos]]></text>
        <annotations>r0-13 { align: center; }</annotations>
        <w>92</w>
        <h>101.95</h>
      </textfield>
    </object>
    <object id="53" type="shape" x="-91491" y="39558.9" r="64.55668868375461" s="3.49358014322305" class="line3">
      <geom type="arrow">
        <sp>-33.825 0</sp>
        <ep>33.825 0</ep>
        <t>8</t>
      </geom>
    </object>
    <object id="158" type="button" x="-48320.6" y="15276.8" r="-31.531025140791808" s="11.22340384154157" class="bracket">
      <type>bracket</type>
      <size>
        <w>885.753125</w>
        <h>625.85</h>
      </size>
    </object>
    <object id="56" type="label" x="-48169.9" y="15235.549999999994" r="-31.53103747177206" s="25.617731852729115" class="body">
      <textfield>
        <x>-152.1</x>
        <y>-116.3</y>
        <text><![CDATA[Se crearan los formularios necesarios para realizar el alta, modificación y baja de Jugadores, Empleados y Árbitros. Así como también la lógica en cada una de las otras capas.]]></text>
        <annotations>r0-175 { align: left; }</annotations>
        <w>304.15</w>
        <h>232.55</h>
      </textfield>
    </object>
    <object id="58" type="button" x="-83748.95" y="66939.75" r="-24.292345066835367" s="206.44252482247114" class="circle">
      <type>circle</type>
      <size>
        <w>119.2</w>
        <h>119.2</h>
      </size>
    </object>
    <object id="59" type="label" x="-73244.25" y="71094.15" r="-24.29234429380241" s="174.67131544030073" class="strong">
      <textfield>
        <x>-43.9</x>
        <y>-18.35</y>
        <text><![CDATA[Sprint 3]]></text>
        <annotations>r0-8 { align: center; }</annotations>
        <w>87.8</w>
        <h>36.65</h>
      </textfield>
    </object>
    <object id="61" type="shape" x="-59150.1" y="73369.5" r="-177.96423286917235" s="181.0072793325662">
      <geom type="arrow">
        <sp>-50.46082659893059 7.529534348925782</sp>
        <ep>50.46082659893059 7.529534348925782</ep>
        <b>-15.059068697851565</b>
        <t>8</t>
      </geom>
    </object>
    <object id="159" type="button" x="-43829.55" y="22522.45" r="-27.475543390885605" s="14.772615545959681" class="bracket">
      <type>bracket</type>
      <size>
        <w>965.1999999999996</w>
        <h>594.1499999999999</h>
      </size>
    </object>
    <object id="63" type="label" x="-43663.25" y="23006.449999999997" r="-27.475538750156403" s="25.586271861519705" class="body">
      <textfield>
        <x>-234.75</x>
        <y>-165.25</y>
        <text><![CDATA[Se deberán crear formularios correspondientes a los siguientes grupos:JugadoresÁrbitrosFederacionesClubesSedesCategorías]]></text>
        <annotations>r0-71 { align: left; }
r72-82 { bullet: true; }
r72-82 { align: left; }
r72-82 { blockIndent: 36; }
r82-91 { bullet: true; }
r82-91 { align: left; }
r82-91 { blockIndent: 36; }
r91-104 { bullet: true; }
r91-104 { align: left; }
r91-104 { blockIndent: 36; }
r104-111 { bullet: true; }
r104-111 { align: left; }
r104-111 { blockIndent: 36; }
r111-117 { bullet: true; }
r111-117 { align: left; }
r111-117 { blockIndent: 36; }
r117-128 { bullet: true; }
r117-128 { align: left; }
r117-128 { blockIndent: 36; }</annotations>
        <w>469.45</w>
        <h>330.5</h>
      </textfield>
    </object>
    <object id="160" type="button" x="-39014.3" y="59318.55" r="-24.29240454701074" s="13.29071059136223" class="bracket">
      <type>bracket</type>
      <size>
        <w>1235.8927710843382</w>
        <h>635.75</h>
      </size>
    </object>
    <object id="64" type="label" x="-38535.05000000002" y="59745.25" r="-24.292401691302988" s="27.50138899380353" class="body">
      <textfield>
        <x>-271.05</x>
        <y>-148.95</y>
        <text><![CDATA[Se definirán tanto la creación de Torneos, inscripción de los jugadores a los mismos. Se tendrán en cuenta las categorías existentes en las que puede participar cada jugador según su edad. Para esto se utilizará una estructura en la que el sistema creará un Evento el cual tendrá asociado uno o más Torneos  pertenecientes a una categoría y sexo determinado. ]]></text>
        <annotations>r0-360 { align: left; }</annotations>
        <w>542.05</w>
        <h>297.85</h>
      </textfield>
    </object>
    <object id="161" type="button" x="-35766.65" y="67174" r="-31.86439801268911" s="12.529276791708071" class="bracket">
      <type>bracket</type>
      <size>
        <w>1185.3725806451612</w>
        <h>602.15</h>
      </size>
    </object>
    <object id="86" type="label" x="-35667.65" y="67405.20000000001" r="-31.864422861232466" s="27.46761249437097" class="body">
      <textfield>
        <x>-234.6</x>
        <y>-132.6</y>
        <text><![CDATA[Se deberán crear formularios correspondientes a los siguientes grupos:EventoTorneoInscripciónPartido]]></text>
        <annotations>r0-71 { align: left; }
r72-79 { bullet: true; }
r72-79 { align: left; }
r72-79 { blockIndent: 36; }
r79-86 { bullet: true; }
r79-86 { align: left; }
r79-86 { blockIndent: 36; }
r86-98 { bullet: true; }
r86-98 { align: left; }
r86-98 { blockIndent: 36; }
r98-106 { bullet: true; }
r98-106 { align: left; }
r98-106 { blockIndent: 36; }</annotations>
        <w>469.2</w>
        <h>265.2</h>
      </textfield>
    </object>
    <object id="162" type="button" x="-86165.95" y="61971.95" r="-24.292418754521837" s="10.14921442676238" class="bracket">
      <type>bracket</type>
      <size>
        <w>1500</w>
        <h>600</h>
      </size>
    </object>
    <object id="107" type="label" x="-86143.5" y="62046.149999999994" r="-24.292401929757325" s="28.06264213936752" class="body">
      <textfield>
        <x>-250.1</x>
        <y>-95</y>
        <text><![CDATA[Este sprint está destinado tanto a la generación de reportes del sistema como al Login para ingresar al mismo. Dentro de los reportes necesarios para la funcionalidad del mismo se listan los siguientes reportes:]]></text>
        <annotations>r0-212 { align: left; }</annotations>
        <w>500.15</w>
        <h>199.9</h>
      </textfield>
    </object>
    <object id="163" type="button" x="-83933.35" y="69534.9" r="-30.750618370985777" s="14.208911369243898" class="bracket">
      <type>bracket</type>
      <size>
        <w>972.3214285714286</w>
        <h>600</h>
      </size>
    </object>
    <object id="108" type="label" x="-84024.09999999999" y="68396.45" r="-30.75059452073415" s="28.062641830975707" class="body">
      <textfield>
        <x>-255.75</x>
        <y>-95</y>
        <text><![CDATA[Ranking de Jugadores (Single/Doble/Sexo/Categoría)Torneo (Visualización de las llaves de Torneo)Historial de un Jugador (Partidos Ganados, Partidos Perdidos, Puntos)Historial de un Arbitro (Partidos Arbitrados)]]></text>
        <annotations>r0-51 { bullet: true; }
r0-51 { align: left; }
r0-51 { blockIndent: 36; }
r51-98 { bullet: true; }
r51-98 { align: left; }
r51-98 { blockIndent: 36; }
r98-168 { bullet: true; }
r98-168 { align: left; }
r98-168 { blockIndent: 36; }
r168-213 { bullet: true; }
r168-213 { align: left; }
r168-213 { blockIndent: 36; }</annotations>
        <w>511.45</w>
        <h>265.2</h>
      </textfield>
    </object>
    <object id="1" type="label" x="54508.000000000015" y="-38833.8" r="-24.343329306046297" s="185.82062720473635" class="strong">
      <textfield>
        <x>-200.2</x>
        <y>-18.35</y>
        <text><![CDATA[Funcionamiento Principal del Sistema]]></text>
        <annotations>r0-36 { align: left; }</annotations>
      </textfield>
    </object>
    <object id="8" type="label" x="72089.40000000001" y="-14270.150000000007" r="-24.304933151632994" s="94.80633219976846" class="strong">
      <textfield>
        <x>-50.35</x>
        <y>-18.35</y>
        <text><![CDATA[Afiliación]]></text>
        <annotations>r0-10 { align: left; }</annotations>
      </textfield>
    </object>
    <object id="9" type="label" x="95361.85000000002" y="-24676.15" r="-24.343334988559903" s="94.68991461059856" class="strong">
      <textfield>
        <x>-59.5</x>
        <y>-18.35</y>
        <text><![CDATA[Inscripción]]></text>
        <annotations>r0-12 { align: left; }</annotations>
      </textfield>
    </object>
    <object id="13" type="label" x="118764.10000000002" y="-35245.45" r="-24.343334988559903" s="94.68991461059856" class="strong">
      <textfield>
        <x>-93.1</x>
        <y>-18.35</y>
        <text><![CDATA[Llaves del Torneo]]></text>
        <annotations>r0-18 { align: left; }</annotations>
      </textfield>
    </object>
    <object id="14" type="label" x="141692.55" y="-45593.899999999994" r="-24.343334988559903" s="94.68991461059856" class="strong">
      <textfield>
        <x>-44.35</x>
        <y>-18.35</y>
        <text><![CDATA[Ranking]]></text>
        <annotations>r0-8 { align: left; }</annotations>
      </textfield>
    </object>
    <object id="110" type="button" x="-87729.65" y="-24831.3" r="-24.292341276698973" s="29.824777280045648" class="roundrect">
      <type>roundrect</type>
      <size>
        <w>1122.1153846153843</w>
        <h>600</h>
      </size>
    </object>
    <object id="111" type="label" x="-99539.9" y="-26546.84999999999" r="-24.30297570259539" s="55.741719417831334" class="strong">
      <textfield>
        <x>-85.7</x>
        <y>-34.65</y>
        <text><![CDATA[Repositorio SVN]]></text>
        <annotations>r0-16 { align: left; }</annotations>
      </textfield>
    </object>
    <object id="119" type="label" x="32165.350000000013" y="3979.699999999997" r="-24.29234151446144" s="67.80214309418265" class="strong">
      <textfield>
        <x>-83.7</x>
        <y>-34.65</y>
        <text><![CDATA[Usuario del Sistema]]></text>
        <annotations>r0-19 { align: center; }</annotations>
        <w>167.4</w>
        <h>69.3</h>
      </textfield>
    </object>
    <object id="120" type="label" x="51565.650000000016" y="704.1499999999905" r="-24.292398673998377" s="67.71892441852967" class="body">
      <textfield>
        <x>-140.75</x>
        <y>-48.5</y>
        <text><![CDATA[El Usuario (Jugador) es dado de alta en el sistema con sus datos personales.]]></text>
        <annotations>r0-76 { align: center; }</annotations>
        <w>281.5</w>
        <h>134.6</h>
      </textfield>
    </object>
    <object id="121" type="label" x="74272.35000000002" y="-10304.550000000007" r="-24.29240046484235" s="67.63581846603331" class="body">
      <textfield>
        <x>-157.7</x>
        <y>-33</y>
        <text><![CDATA[Luego se afilia a un Club perteneciente a la Federación.]]></text>
        <annotations>r0-56 { align: center; }</annotations>
        <w>315.35</w>
        <h>101.95</h>
      </textfield>
    </object>
    <object id="126" type="label" x="97329.85" y="-20316.15" r="-24.292405846256102" s="67.55281905370082" class="body">
      <textfield>
        <x>-179.35</x>
        <y>-48.5</y>
        <text><![CDATA[Se inscribe a un Torneo, ya sea por la version desktop (por un empleado) o en la web (el mismo).]]></text>
        <annotations>r0-96 { align: center; }</annotations>
        <w>358.65</w>
        <h>134.6</h>
      </textfield>
    </object>
    <object id="127" type="label" x="120963.90000000001" y="-30363.450000000004" r="-24.29240687539996" s="67.46990521175168" class="body">
      <textfield>
        <x>-165.5</x>
        <y>-48.5</y>
        <text><![CDATA[Se crean las llaves, se juega el torneo y se actualizan los partidos.]]></text>
        <annotations>r0-69 { align: center; }</annotations>
        <w>330.95</w>
        <h>101.95</h>
      </textfield>
    </object>
    <object id="132" type="label" x="143788.55" y="-40673.3" r="-24.292411502050115" s="67.38709790996678" class="body">
      <textfield>
        <x>-162.15</x>
        <y>-48.5</y>
        <text><![CDATA[Luego el Ranking de la categoría es actualizado con los puntos correspondientes.]]></text>
        <annotations>r0-80 { align: center; }</annotations>
        <w>324.3</w>
        <h>134.6</h>
      </textfield>
    </object>
    <object id="113" type="image" x="207554.50000000003" y="-83933.55" r="-34.253637851338524" s="29.508987271439576">
      <source w="972" h="647">
        Notificaciones_Partidos.JPG
        <url>Notificaciones_Partidos.JPG</url>
      </source>
      <sourceUrl>Notificaciones_Partidos.JPG</sourceUrl>
    </object>
    <object id="175" type="label" x="202457.25" y="-96508.60000000002" r="-24.302978583184125" s="109.2537621590596" class="strong">
      <textfield>
        <x>-155.7</x>
        <y>-28.75</y>
        <text><![CDATA[Version Desktop del Sistema]]></text>
        <annotations>r0-28 { align: left; }</annotations>
      </textfield>
    </object>
    <object id="141" type="image" x="319444.1500000001" y="-139059.95" r="-15.325318288653325" s="37.458943208669965">
      <source w="723" h="452">
        image051.png
        <url>image051.png</url>
      </source>
      <sourceUrl>image051.png</sourceUrl>
    </object>
    <object id="140" type="image" x="321634.15" y="-129971.15000000001" r="-30.079332513324964" s="43.50778389135802">
      <source w="444" h="258">
        image052.png
        <url>image052.png</url>
      </source>
      <sourceUrl>image052.png</sourceUrl>
    </object>
    <object id="146" type="image" x="344701.2" y="-96554.99999999999" r="-16.510562297878074" s="29.633941577479234">
      <source w="798" h="465">
        image044.jpg
        <url>image044.jpg</url>
      </source>
      <sourceUrl>image044.jpg</sourceUrl>
    </object>
    <object id="156" type="image" x="337467.3" y="-74961.64999999998" r="-33.88626968293495" s="34.22272427405833">
      <source w="691" h="329">
        Reporte_Llaves2.jpg
        <url>Reporte_Llaves2.jpg</url>
      </source>
      <sourceUrl>Reporte_Llaves2.jpg</sourceUrl>
    </object>
    <object id="157" type="image" x="319329.75" y="-69437.14999999998" r="-33.842100136614185" s="33.44475624690334">
      <source w="706" h="508">
        Reporte_Llaves.jpg
        <url>Reporte_Llaves.jpg</url>
      </source>
      <sourceUrl>Reporte_Llaves.jpg</sourceUrl>
    </object>
  </zui-table>
  <path>
    <o>3</o>
    <o>2</o>
    <o>10</o>
    <o>19</o>
    <o>0</o>
    <o>1_22276424</o>
    <o>2_22276424</o>
    <o>0_22276424</o>
    <o>44</o>
    <o>32</o>
    <o>17_22276903</o>
    <o>3_22276903</o>
    <o>16_22276903</o>
    <o>15_22276903</o>
    <o>28</o>
    <o>33</o>
    <o>7</o>
    <o>128</o>
    <o>48</o>
    <o>145</o>
    <o>153</o>
    <o>110</o>
    <o>16</o>
    <o>5_361325</o>
    <o>7_361325</o>
    <o>49</o>
    <o>55</o>
    <o>6_361325</o>
    <o>158</o>
    <o>159</o>
    <o>3_361325</o>
    <o>160</o>
    <o>161</o>
    <o>58</o>
    <o>162</o>
    <o>163</o>
    <o>1_361579</o>
    <o>17</o>
    <o>18</o>
    <o>21</o>
    <o>51</o>
    <o>52</o>
    <o>57</o>
    <o>5</o>
    <o>109</o>
    <o>112</o>
    <o>184</o>
  </path>
  <style type="text/css"><![CDATA[
@font-face
{
	src: url('OpenSans-I.swf');
	fontFamily: strong;
}

@font-face
{
	src: url('OpenSans-B.swf');
	fontFamily: head;
}

@font-face
{
	src: url('OpenSans.swf');
	fontFamily: body;
}

background
{
	gradStart: #808080;
	gradEnd: #808080;
}

text
{
	padding: 1.2;
}

text.title
{
	fontFamily: head;
	color: #fff808;
}

text.subtitle
{
	fontFamily: strong;
	color: #fff;
}

text.body
{
	fontFamily: body;
	color: #fff;
}

frame.circle
{
	gradStartColor: #333;
	borderColor: #999;
	borderThickness: 0;
	gradEndColor: #333;
}

frame.bracket
{
	gradStartColor: #fff;
	borderColor: #fff;
	borderThickness: 0;
	gradEndColor: #c5c3c3;
	thickness: 7;
}

frame.rectangle
{
	gradStartColor: #000;
	borderColor: #fff;
	borderThickness: 0;
	gradEndColor: #000;
	radius: 0;
}

arrow
{
	gradStartColor: #fff808;
	borderColor: #fff;
	borderThickness: -1;
	gradEndColor: #fff808;
}

line
{
	color: #fff808;
}

line-arrow.style1
{
	gradStartColor: #fff;
	gradEndColor: #fff;
	color: #fff;
}

line-arrow.style2
{
	gradStartColor: #c5c3c3;
	gradEndColor: #c5c3c3;
	color: #c5c3c3;
}

line-arrow.style3
{
	gradStartColor: #fff808;
	gradEndColor: #fff808;
	color: #fff808;
}

line-arrow.style4
{
	gradStartColor: #333;
	gradEndColor: #333;
	color: #333;
}

line-arrow.style5
{
	gradStartColor: #000;
	gradEndColor: #000;
	color: #000;
}

circle
{
	borderAlpha: 1;
	lockTintAlpha: 0.6;
	thickness: 100;
	radius: 0;
}

shape
{
	borderAlpha: 1;
	thickness: 100;
	lockTintAlpha: 0.6;
	gradStartAlpha: 0.7;
	gradEndAlpha: 0.8;
	radius: 0;
}

shape.style1
{
	gradStartColor: #fff;
	borderColor: #fff;
	borderThickness: 0;
	gradEndColor: #fff;
}

shape.style2
{
	gradStartColor: #c5c3c3;
	borderColor: #c5c3c3;
	borderThickness: 0;
	gradEndColor: #c5c3c3;
}

shape.style3
{
	gradStartColor: #fff808;
	borderColor: #fff808;
	borderThickness: 0;
	gradEndColor: #fff808;
}

shape.style4
{
	gradStartColor: #333;
	borderColor: #333;
	borderThickness: 0;
	gradEndColor: #333;
}

shape.style5
{
	gradStartColor: #000;
	borderColor: #000;
	borderThickness: 0;
	gradEndColor: #000;
}

free-line
{
	color: #fff808;
}

free-marker
{
	alpha: 0.3;
	color: #ffff0d;
}

grid
{
	color: #ddd;
}

ZCircle
{
	borderAlpha: 1;
	lockTintAlpha: 0.6;
	thickness: 100;
	radius: 0;
}

ZPoly
{
	borderAlpha: 1;
	thickness: 100;
	lockTintAlpha: 0.6;
	gradStartAlpha: 0.8;
	gradEndAlpha: 0.9;
	radius: 0;
}

Background
{
	gradStart: #fff;
	gradEnd: #fff;
}

ZLabel
{
	padding: 1.2;
}

ZLabel.head
{
	fontFamily: head;
	color: #000;
}

.line5
{
	gradStartColor: #194a99;
	gradEndColor: #194a99;
	color: #194a99;
}

.poly5
{
	gradStartColor: #333;
	borderColor: #333;
	borderThickness: 0;
	gradEndColor: #333;
}

ZLabel.strong
{
	fontFamily: strong;
	color: #194a99;
}

.line1
{
	gradStartColor: #efefef;
	gradEndColor: #efefef;
	color: #efefef;
}

.poly1
{
	gradStartColor: #efefef;
	borderColor: #efefef;
	borderThickness: 0;
	gradEndColor: #efefef;
}

ZLabel.body
{
	fontFamily: body;
	color: #333;
}

ZFrame.circle
{
	gradStartColor: #194a99;
	borderColor: #fff;
	borderThickness: 0;
	gradEndColor: #194a99;
}

.line4
{
	gradStartColor: #318bff;
	gradEndColor: #318bff;
	color: #318bff;
}

.poly4
{
	gradStartColor: #194a99;
	borderColor: #194a99;
	borderThickness: 0;
	gradEndColor: #194a99;
}

ZFrame.bracket
{
	gradStartColor: #318bff;
	borderColor: #fff;
	borderThickness: 0;
	gradEndColor: #318bff;
}

.line2
{
	gradStartColor: #7a8082;
	gradEndColor: #7a8082;
	color: #7a8082;
}

.poly2
{
	gradStartColor: #7a8082;
	borderColor: #7a8082;
	borderThickness: 0;
	gradEndColor: #7a8082;
}

ZFrame.roundrect
{
	gradStartColor: #318bff;
	borderColor: #97f1ff;
	borderThickness: 0;
	gradEndColor: #318bff;
}

ZArrow
{
	gradStartColor: #333;
	borderColor: #7f7f7f;
	borderThickness: 0;
	gradEndColor: #333;
}

.line3
{
	gradStartColor: #333;
	gradEndColor: #333;
	color: #333;
}

.poly3
{
	gradStartColor: #318bff;
	borderColor: #318bff;
	borderThickness: 0;
	gradEndColor: #318bff;
}

ZLine
{
	color: #333;
}

ZCurveLine
{
	color: #333;
}

ZMarker
{
	alpha: 0.3;
	color: #00e1ff;
}

Grid
{
	color: #ccc;
}

ZPath
{
	alpha: 1;
	color: #40abe6;
	thickness: 3;
	textColor: #fff;
}

ZPath Ball.mid
{
	radius: 8;
	alpha: .5;
	fillColor: #40abe6;
}

ZPath Ball.base
{
	radius: 12;
	alpha: 1;
	fillColor: #40abe6;
}

]]></style>
  <hash>cecf6e2be6c8df3f436308aa02d663d7</hash>
  <sync>
    <oid>UNKNOWN</oid>
    <hash>UNKNOWN</hash>
  </sync>
  <config>GX3Zi885yFfG9AAbC6UBDTF3BQi5GKsppQ==</config>
</zuiprezi>